Path,Phy_Cfg,Baud_Rate,MajorSystemMode,MajorMode,dfi2ckratio,SimMode_iDisableDebugPrint,dfiperiod,wck2ckratio,latencyMode,EffectiveRL,EffectiveWL,csr_WL,csr_nWR,csr_RL,csr_WLS,csr_DbiWr,csr_DbiRd,csr_DMD,csr_DVFSC,tWCKENL_WR,tWCKENL_RD,tWCKENL_FS,tWCKPRE_Static,tWCKPRE_Toggle_WR,tWCKPRE_Toggle_RD,tWCKPRE_Toggle_FS,tWCKPST,csr_WCK_ON,csr_CkMode,csr_BkOrg,csr_RdqsPst,csr_RdqsPre,csr_WckPst,csr_RpstMode,csr_WCK_FM,csr_CKR,csr_WCKMode,csr_RECC,csr_WECC,csr_WCK2DQIIntervalTimerRunTimeSetting,csr_WCK2DQOIntervalTimerRunTimeSetting,csr_DQODT,csr_CAODT,csr_CSODT,MinorMode_iActiveRanks,MinorMode_iRetrainMode,MinorMode_iWdqsDriveMode,MinorMode_iPLLCalMode,PLL_DisableHwCal,PLL_NumCalClkCycles,MinorMode_iDLLCalibrationMode,DLL_EnablePeriodicCal,DLL_Period,DLL_OverSampleRate,DLL_CodeChangeDelay,DLL_CommandWait,DLL_DcdlStart,DLL_DcdlStep,DLL_EnableUpdateLimit,DLL_UpdateLimit,MinorMode_iDFTProgram,MinorMode_iBumpReMap_En,BumpReMapCS_0,BumpReMapCS_1,BumpReMapCS_2,BumpReMapCS_3,BumpReMapCA_0,BumpReMapCA_1,BumpReMapCA_2,BumpReMapCA_3,BumpReMapCA_4,BumpReMapCA_5,BumpReMapCA_6,BumpReMapCK,BumpReMapDBYTE_0,BumpReMapDQ0_0,BumpReMapDQ0_1,BumpReMapDQ0_2,BumpReMapDQ0_3,BumpReMapDQ0_4,BumpReMapDQ0_5,BumpReMapDQ0_6,BumpReMapDQ0_7,BumpReMapDMI_0,BumpReMapDQS_0,BumpReMapWCK_0,BumpReMapDBYTE_1,BumpReMapDQ1_0,BumpReMapDQ1_1,BumpReMapDQ1_2,BumpReMapDQ1_3,BumpReMapDQ1_4,BumpReMapDQ1_5,BumpReMapDQ1_6,BumpReMapDQ1_7,BumpReMapDMI_1,BumpReMapDQS_1,BumpReMapWCK_1,MinorMode_iClkEnMode,MinorMode_iRxTCTrain,MinorMode_iRetrainGateMode,MinorMode_iCSTEn,MinorMode_iRxEnhancedTrainMode,MinorMode_iPhyMstr_DRAM_Mode,MinorMode_iRxReadGateScheme,MinorMode_iDMITrainMode,MinorMode_iTxDQVrefTrain,MinorMode_iCBTVrefTrain,MinorMode_iRxDQVrefTrain
LABELS,exta,extra,FUNCTIONAL_SPEC,FUNCTIONAL_SPEC,FUNCTIONAL_SPEC,FUNCTIONAL_TEST,FUNCTIONAL_SPEC,FUNCTIONAL_SPEC,FUNCTIONAL_TEST,FUNCTIONAL_SPEC,FUNCTIONAL_SPEC,FUNCTIONAL_SPEC,FUNCTIONAL_SPEC,FUNCTIONAL_SPEC,FUNCTIONAL_SPEC,FUNCTIONAL_MODE,FUNCTIONAL_MODE,FUNCTIONAL_MODE,FUNCTIONAL_SPEC,FUNCTIONAL_SPEC,FUNCTIONAL_SPEC,FUNCTIONAL_SPEC,FUNCTIONAL_SPEC,FUNCTIONAL_SPEC,FUNCTIONAL_SPEC,FUNCTIONAL_SPEC,FUNCTIONAL_SPEC,FUNCTIONAL_SPEC,FUNCTIONAL_SPEC,FUNCTIONAL_MODE,FUNCTIONAL_SPEC,FUNCTIONAL_SPEC,FUNCTIONAL_SPEC,FUNCTIONAL_SPEC,FUNCTIONAL_SPEC,FUNCTIONAL_SPEC,FUNCTIONAL_SPEC,FUNCTIONAL_MODE,FUNCTIONAL_MODE,FUNCTIONAL_TEST,FUNCTIONAL_TEST,FUNCTIONAL_TEST,FUNCTIONAL_TEST,FUNCTIONAL_TEST,FUNCTIONAL_SPEC,FUNCTIONAL_TEST,FUNCTIONAL_TEST,FUNCTIONAL_TEST,FUNCTIONAL_TEST,FUNCTIONAL_TEST,FUNCTIONAL_TEST,FUNCTIONAL_TEST,FUNCTIONAL_TEST,FUNCTIONAL_TEST,FUNCTIONAL_TEST,FUNCTIONAL_TEST,FUNCTIONAL_TEST,FUNCTIONAL_TEST,FUNCTIONAL_TEST,FUNCTIONAL_TEST,FUNCTIONAL_TEST,FUNCTIONAL_TEST,FUNCTIONAL_TEST,FUNCTIONAL_TEST,FUNCTIONAL_TEST,FUNCTIONAL_TEST,FUNCTIONAL_TEST,FUNCTIONAL_TEST,FUNCTIONAL_TEST,FUNCTIONAL_TEST,FUNCTIONAL_TEST,FUNCTIONAL_TEST,FUNCTIONAL_TEST,FUNCTIONAL_TEST,FUNCTIONAL_TEST,FUNCTIONAL_TEST,FUNCTIONAL_TEST,FUNCTIONAL_TEST,FUNCTIONAL_TEST,FUNCTIONAL_TEST,FUNCTIONAL_TEST,FUNCTIONAL_TEST,FUNCTIONAL_TEST,FUNCTIONAL_TEST,FUNCTIONAL_TEST,FUNCTIONAL_TEST,FUNCTIONAL_TEST,FUNCTIONAL_TEST,FUNCTIONAL_TEST,FUNCTIONAL_TEST,FUNCTIONAL_TEST,FUNCTIONAL_TEST,FUNCTIONAL_TEST,FUNCTIONAL_TEST,FUNCTIONAL_TEST,FUNCTIONAL_TEST,FUNCTIONAL_TEST,FUNCTIONAL_TEST,FUNCTIONAL_MODE,FUNCTIONAL_MODE,FUNCTIONAL_TEST,FUNCTIONAL_MODE,FUNCTIONAL_MODE,FUNCTIONAL_MODE,FUNCTIONAL_TEST,FUNCTIONAL_TEST,FUNCTIONAL_TEST,FUNCTIONAL_TEST,FUNCTIONAL_TEST
/server/regressdb/tss_lp54_WW38_LP5_CFG3_REDUCED_REGR__20220926_080836__andrei__CONFIG@r8761_VERIF@r8824_PHYTOP@r7186_SOFTIP@r7646_HARDIP@r7419_CSRINIT@r7284_FW@r7148/chain_0/datapath_tests/LP5X_ch1_X16_1to2/FreqRanges_MultiRank/run_4/local_log.log,3,5632,5,16,0,0,1420,2,1,18,16,5,5,5,1,1,0,1,0,9,5,2,4,4,10,13,5,0,0,2,1,1,1,0,0,1,0,0,0,60,182,6,0,0,4,2,0,0,0,16,0,0,817,15,15,3,0,8,1,4,0,1,0,1,2,3,0,1,2,3,4,5,6,0,0,0,1,2,3,4,5,6,7,8,0,0,1,0,1,2,3,4,5,6,7,8,0,0,0,0,0,0,0,0,0,1,,,
/server/regressdb/tss_lp54_WW38_LP5_CFG3_REDUCED_REGR__20220926_080836__andrei__CONFIG@r8761_VERIF@r8824_PHYTOP@r7186_SOFTIP@r7646_HARDIP@r7419_CSRINIT@r7284_FW@r7148/chain_0/datapath_tests/LP5X_ch1_X16_1to2/FreqRanges_MultiRank/run_4/local_log.log,3,5984,5,16,0,0,1336,2,1,20,10,5,5,5,0,1,1,1,0,3,7,2,4,4,10,15,5,0,0,2,1,1,1,0,0,1,0,0,0,200,209,4,6,2,4,2,0,0,0,16,0,0,653,15,15,3,0,8,1,4,0,1,0,1,2,3,0,1,2,3,4,5,6,0,0,0,1,2,3,4,5,6,7,8,0,0,1,0,1,2,3,4,5,6,7,8,0,0,0,0,0,0,0,0,0,1,,,
/server/regressdb/tss_lp54_WW38_LP5_CFG3_REDUCED_REGR__20220926_080836__andrei__CONFIG@r8761_VERIF@r8824_PHYTOP@r7186_SOFTIP@r7646_HARDIP@r7419_CSRINIT@r7284_FW@r7148/chain_0/datapath_tests/LP5X_ch1_X16_1to4/FreqRanges_MultiRank/run_17/local_log.log,3,6312,5,16,0,0,1266,4,1,17,16,11,11,11,1,0,0,0,0,11,7,2,4,2,7,12,5,0,0,0,1,1,1,0,1,0,0,0,0,37,165,6,6,2,4,2,0,0,0,16,0,0,845,15,15,3,0,8,1,4,0,1,0,1,2,3,0,1,2,3,4,5,6,0,0,0,1,2,3,4,5,6,7,8,0,0,1,0,1,2,3,4,5,6,7,8,0,0,0,0,1,0,0,0,0,1,,,
/server/regressdb/tss_lp54_WW38_LP5_CFG3_REDUCED_REGR__20220926_080836__andrei__CONFIG@r8761_VERIF@r8824_PHYTOP@r7186_SOFTIP@r7646_HARDIP@r7419_CSRINIT@r7284_FW@r7148/chain_0/datapath_tests/LP5X_ch1_X16_1to4/FreqRanges_MultiRank/run_17/local_log.log,3,6248,5,16,0,0,1280,4,1,18,16,11,11,11,1,0,1,0,0,11,8,2,4,2,7,13,5,0,0,0,1,1,1,0,1,0,0,0,0,63,231,0,0,2,4,2,0,0,0,16,0,0,170,15,15,3,0,8,1,4,0,1,0,1,2,3,0,1,2,3,4,5,6,0,0,0,1,2,3,4,5,6,7,8,0,0,1,0,1,2,3,4,5,6,7,8,0,0,0,0,1,0,0,0,0,1,,,
/server/regressdb/tss_lp54_WW38_LP5_CFG3_REDUCED_REGR__20220926_080836__andrei__CONFIG@r8761_VERIF@r8824_PHYTOP@r7186_SOFTIP@r7646_HARDIP@r7419_CSRINIT@r7284_FW@r7148/chain_0/datapath_tests/LP5_ch1_X16_1to2/FreqRanges_MultiRank/run_22/local_log.log,3,6144,5,16,0,0,1302,2,1,18,16,5,5,5,1,1,0,1,0,9,5,2,4,4,10,13,5,0,0,2,1,1,1,0,0,1,0,0,0,119,218,6,6,0,2,2,0,0,0,16,0,0,427,15,15,3,0,8,1,4,0,1,0,1,2,3,0,1,2,3,4,5,6,0,0,0,1,2,3,4,5,6,7,8,0,0,1,0,1,2,3,4,5,6,7,8,0,0,0,0,2,0,0,0,0,1,,,
/server/regressdb/tss_lp54_WW38_LP5_CFG3_REDUCED_REGR__20220926_080836__andrei__CONFIG@r8761_VERIF@r8824_PHYTOP@r7186_SOFTIP@r7646_HARDIP@r7419_CSRINIT@r7284_FW@r7148/chain_0/datapath_tests/LP5_ch1_X16_1to2/FreqRanges_MultiRank/run_22/local_log.log,3,5680,5,16,0,0,1408,2,1,18,16,5,5,5,1,0,0,0,0,9,5,2,4,4,10,13,5,0,0,2,1,1,1,0,0,1,0,0,0,15,167,4,4,2,2,2,0,0,0,16,0,0,177,15,15,3,0,8,1,4,0,1,0,1,2,3,0,1,2,3,4,5,6,0,0,0,1,2,3,4,5,6,7,8,0,0,1,0,1,2,3,4,5,6,7,8,0,0,0,0,2,0,0,0,0,1,,,
/server/regressdb/tss_lp54_WW38_LP5_CFG3_REDUCED_REGR__20220926_080836__andrei__CONFIG@r8761_VERIF@r8824_PHYTOP@r7186_SOFTIP@r7646_HARDIP@r7419_CSRINIT@r7284_FW@r7148/chain_0/datapath_tests/LP5_ch1_X16_1to4/FreqRanges_MultiRank/run_27/local_log.log,3,6384,5,16,0,0,1252,4,1,18,9,11,11,11,0,1,1,0,0,4,8,2,4,2,7,13,5,0,0,0,1,1,1,0,1,0,0,0,0,62,196,0,4,0,2,2,0,0,0,16,0,0,766,15,15,3,0,8,1,4,0,1,0,1,2,3,0,1,2,3,4,5,6,0,0,0,1,2,3,4,5,6,7,8,0,0,1,0,1,2,3,4,5,6,7,8,0,0,0,0,0,0,0,0,0,1,,,
/server/regressdb/tss_lp54_WW38_LP5_CFG3_REDUCED_REGR__20220926_080836__andrei__CONFIG@r8761_VERIF@r8824_PHYTOP@r7186_SOFTIP@r7646_HARDIP@r7419_CSRINIT@r7284_FW@r7148/chain_0/datapath_tests/LP5_ch1_X16_1to4/FreqRanges_MultiRank/run_27/local_log.log,3,6144,5,16,0,0,1302,4,1,17,9,11,11,11,0,0,0,1,0,4,7,2,4,2,7,12,5,0,0,0,1,1,1,0,1,0,0,0,0,233,237,0,6,1,2,2,0,0,0,16,0,0,311,15,15,3,0,8,1,4,0,1,0,1,2,3,0,1,2,3,4,5,6,0,0,0,1,2,3,4,5,6,7,8,0,0,1,0,1,2,3,4,5,6,7,8,0,0,0,0,0,0,0,0,0,1,,,
/server/regressdb/tss_lp54_WW38_LP5_CFG3_REDUCED_REGR__20220926_080836__andrei__CONFIG@r8761_VERIF@r8824_PHYTOP@r7186_SOFTIP@r7646_HARDIP@r7419_CSRINIT@r7284_FW@r7148/chain_0/system_tests/LP5X_1to2_x16_1fsp/system1/run_5/local_log.log,3,4640,5,16,0,0,1722,2,1,16,14,4,4,4,1,1,0,0,0,7,3,1,4,4,10,12,5,0,0,2,1,1,1,0,0,1,0,0,0,91,121,0,4,1,4,2,0,0,0,16,0,0,296,15,15,3,0,8,1,4,0,1,0,1,2,3,0,1,2,3,4,5,6,0,0,0,1,2,3,4,5,6,7,8,0,0,1,0,1,2,3,4,5,6,7,8,0,0,0,0,1,0,0,0,0,1,,,
/server/regressdb/tss_lp54_WW38_LP5_CFG3_REDUCED_REGR__20220926_080836__andrei__CONFIG@r8761_VERIF@r8824_PHYTOP@r7186_SOFTIP@r7646_HARDIP@r7419_CSRINIT@r7284_FW@r7148/chain_0/system_tests/LP5X_1to2_x16_1fsp/system1/run_5/local_log.log,3,3784,5,16,0,0,2110,2,1,14,8,3,3,3,0,1,1,1,0,2,4,1,3,4,8,11,5,0,0,2,1,1,1,0,0,1,0,0,0,214,229,4,4,1,4,2,0,0,0,16,0,0,883,15,15,3,0,8,1,4,0,1,0,1,2,3,0,1,2,3,4,5,6,0,0,0,1,2,3,4,5,6,7,8,0,0,1,0,1,2,3,4,5,6,7,8,0,0,0,0,1,0,0,0,0,1,,,
/server/regressdb/tss_lp54_WW38_LP5_CFG3_REDUCED_REGR__20220926_080836__andrei__CONFIG@r8761_VERIF@r8824_PHYTOP@r7186_SOFTIP@r7646_HARDIP@r7419_CSRINIT@r7284_FW@r7148/chain_0/system_tests/LP5_1to2_x16_1fsp/system1/run_36/local_log.log,3,5392,5,16,0,0,1482,2,1,16,14,4,4,4,1,0,0,1,0,7,3,1,4,4,10,12,5,0,0,2,1,1,1,0,0,1,0,0,0,141,167,6,6,1,2,2,0,0,0,16,0,0,774,15,15,3,0,8,1,4,0,1,0,1,2,3,0,1,2,3,4,5,6,0,0,0,1,2,3,4,5,6,7,8,0,0,1,0,1,2,3,4,5,6,7,8,0,0,0,0,0,0,0,0,0,1,,,
/server/regressdb/tss_lp54_WW38_LP5_CFG3_REDUCED_REGR__20220926_080836__andrei__CONFIG@r8761_VERIF@r8824_PHYTOP@r7186_SOFTIP@r7646_HARDIP@r7419_CSRINIT@r7284_FW@r7148/chain_0/system_tests/LP5_1to2_x16_1fsp/system1/run_36/local_log.log,3,2920,5,16,0,0,2734,2,1,10,6,2,2,2,0,0,0,1,0,1,1,1,2,4,8,8,5,0,0,2,1,1,1,0,0,1,0,0,0,60,142,6,0,0,2,2,0,0,0,16,0,0,344,15,15,3,0,8,1,4,0,1,0,1,2,3,0,1,2,3,4,5,6,0,0,0,1,2,3,4,5,6,7,8,0,0,1,0,1,2,3,4,5,6,7,8,0,0,0,0,0,0,0,0,0,1,,,
/server/regressdb/tss_lp54_WW38_LP5_CFG3_REDUCED_REGR__20220926_080836__andrei__CONFIG@r8761_VERIF@r8824_PHYTOP@r7186_SOFTIP@r7646_HARDIP@r7419_CSRINIT@r7284_FW@r7148/chain_0/system_tests/LP5_1to4_x16_1fsp/system1/run_44/local_log.log,3,1856,5,16,0,0,4292,4,1,6,5,3,3,3,1,1,0,1,0,2,1,1,2,2,4,4,5,0,0,2,1,1,1,0,0,0,0,0,0,242,137,0,0,2,2,2,0,0,0,16,0,0,556,15,15,3,0,8,1,4,0,1,0,1,2,3,0,1,2,3,4,5,6,0,0,0,1,2,3,4,5,6,7,8,0,0,1,0,1,2,3,4,5,6,7,8,0,0,0,0,0,0,0,0,0,1,,,
/server/regressdb/tss_lp54_WW38_LP5_CFG3_REDUCED_REGR__20220926_080836__andrei__CONFIG@r8761_VERIF@r8824_PHYTOP@r7186_SOFTIP@r7646_HARDIP@r7419_CSRINIT@r7284_FW@r7148/chain_0/system_tests/LP5_1to4_x16_1fsp/system1/run_44/local_log.log,3,688,5,16,0,0,11496,4,1,4,2,1,1,1,0,1,1,1,0,0,0,0,1,2,4,4,5,0,0,2,1,1,1,0,0,0,0,0,0,222,179,6,0,1,2,2,0,0,0,16,0,0,127,15,15,3,0,8,1,4,0,1,0,1,2,3,0,1,2,3,4,5,6,0,0,0,1,2,3,4,5,6,7,8,0,0,1,0,1,2,3,4,5,6,7,8,0,0,0,0,0,0,0,0,0,1,,,
/server/regressdb/tss_lp54_WW38_LP5_CFG3_REDUCED_REGR__20220926_080836__andrei__CONFIG@r8761_VERIF@r8824_PHYTOP@r7186_SOFTIP@r7646_HARDIP@r7419_CSRINIT@r7284_FW@r7148/chain_0/system_tests/LP5X_1to4_x16_2fsp/system1/run_28/local_log.log,3,2088,5,16,0,0,3818,4,1,6,4,3,3,3,0,1,0,0,0,1,1,1,2,2,4,4,5,0,0,2,1,1,1,0,0,0,0,0,0,182,82,0,6,1,4,2,0,0,0,16,0,0,176,15,15,3,0,8,1,4,0,1,0,1,2,3,0,1,2,3,4,5,6,0,0,0,1,2,3,4,5,6,7,8,0,0,1,0,1,2,3,4,5,6,7,8,0,0,0,0,1,0,0,0,0,1,,,
/server/regressdb/tss_lp54_WW38_LP5_CFG3_REDUCED_REGR__20220926_080836__andrei__CONFIG@r8761_VERIF@r8824_PHYTOP@r7186_SOFTIP@r7646_HARDIP@r7419_CSRINIT@r7284_FW@r7148/chain_0/system_tests/LP5X_1to4_x16_2fsp/system1/run_28/local_log.log,3,6448,5,16,0,0,1240,4,1,20,19,12,12,12,1,1,0,1,0,13,7,3,5,2,9,13,5,0,0,0,1,1,1,0,1,0,0,0,0,231,106,0,0,0,4,2,0,0,0,16,0,0,510,15,15,3,0,8,1,4,0,1,0,1,2,3,0,1,2,3,4,5,6,0,0,0,1,2,3,4,5,6,7,8,0,0,1,0,1,2,3,4,5,6,7,8,0,0,0,0,1,0,0,0,0,1,,,
/server/regressdb/tss_lp54_WW38_LP5_CFG3_REDUCED_REGR__20220926_080836__andrei__CONFIG@r8761_VERIF@r8824_PHYTOP@r7186_SOFTIP@r7646_HARDIP@r7419_CSRINIT@r7284_FW@r7148/chain_0/system_tests/LP5X_1to2_x16_2fsp/system2/run_18/local_log.log,3,5856,5,16,0,0,1366,2,1,20,16,5,5,5,1,0,1,1,0,9,7,2,4,4,10,15,5,0,0,2,1,1,1,0,0,1,0,0,0,113,28,4,6,0,2,2,0,0,0,16,0,0,976,15,15,3,0,8,1,4,0,1,0,1,2,3,0,1,2,3,4,5,6,0,0,0,1,2,3,4,5,6,7,8,0,0,1,0,1,2,3,4,5,6,7,8,0,0,0,0,1,0,0,0,0,1,,,
/server/regressdb/tss_lp54_WW38_LP5_CFG3_REDUCED_REGR__20220926_080836__andrei__CONFIG@r8761_VERIF@r8824_PHYTOP@r7186_SOFTIP@r7646_HARDIP@r7419_CSRINIT@r7284_FW@r7148/chain_0/system_tests/LP5X_1to2_x16_2fsp/system2/run_18/local_log.log,3,4024,5,16,0,0,1986,2,1,12,8,3,3,3,0,1,0,1,0,2,2,1,3,4,8,9,5,0,0,2,1,1,1,0,0,1,0,0,0,147,223,4,4,0,2,2,0,0,0,16,0,0,669,15,15,3,0,8,1,4,0,1,0,1,2,3,0,1,2,3,4,5,6,0,0,0,1,2,3,4,5,6,7,8,0,0,1,0,1,2,3,4,5,6,7,8,0,0,0,0,1,0,0,0,0,1,,,
/server/regressdb/tss_lp54_WW38_LP5_CFG3_REDUCED_REGR__20220926_080836__andrei__CONFIG@r8761_VERIF@r8824_PHYTOP@r7186_SOFTIP@r7646_HARDIP@r7419_CSRINIT@r7284_FW@r7148/chain_0/system_tests/LP5X_x16_2fsp/system2/run_32/local_log.log,3,3896,5,16,0,0,2050,2,1,12,8,3,3,3,0,1,0,0,0,2,2,1,3,4,8,9,5,0,0,2,1,1,1,0,0,1,0,0,0,55,98,4,6,0,1,2,0,0,0,16,0,0,498,15,15,3,0,8,1,4,0,1,0,1,2,3,0,1,2,3,4,5,6,0,0,0,1,2,3,4,5,6,7,8,0,0,1,0,1,2,3,4,5,6,7,8,0,0,0,0,1,0,0,0,0,1,,,
/server/regressdb/tss_lp54_WW38_LP5_CFG3_REDUCED_REGR__20220926_080836__andrei__CONFIG@r8761_VERIF@r8824_PHYTOP@r7186_SOFTIP@r7646_HARDIP@r7419_CSRINIT@r7284_FW@r7148/chain_0/system_tests/LP5X_x16_2fsp/system2/run_32/local_log.log,3,3632,5,16,0,0,2198,2,1,14,10,3,3,3,1,0,1,0,0,4,4,1,3,4,8,11,5,0,0,2,1,1,1,0,0,1,0,0,0,13,254,4,6,1,1,2,0,0,0,16,0,0,326,15,15,3,0,8,1,4,0,1,0,1,2,3,0,1,2,3,4,5,6,0,0,0,1,2,3,4,5,6,7,8,0,0,1,0,1,2,3,4,5,6,7,8,0,0,0,0,1,0,0,0,0,1,,,
/server/regressdb/tss_lp54_WW38_LP5_CFG3_REDUCED_REGR__20220926_080836__andrei__CONFIG@r8761_VERIF@r8824_PHYTOP@r7186_SOFTIP@r7646_HARDIP@r7419_CSRINIT@r7284_FW@r7148/chain_0/system_tests/LP5X_1to4_x16_1fsp/system1/run_23/local_log.log,3,3416,5,16,0,0,2338,4,1,10,6,6,6,6,0,1,0,1,0,2,3,1,3,2,5,7,5,0,0,0,1,1,1,0,1,0,0,0,0,11,173,6,4,0,4,2,0,0,0,16,0,0,667,15,15,3,0,8,1,4,0,1,0,1,2,3,0,1,2,3,4,5,6,0,0,0,1,2,3,4,5,6,7,8,0,0,1,0,1,2,3,4,5,6,7,8,0,0,0,0,2,0,0,0,0,1,,,
/server/regressdb/tss_lp54_WW38_LP5_CFG3_REDUCED_REGR__20220926_080836__andrei__CONFIG@r8761_VERIF@r8824_PHYTOP@r7186_SOFTIP@r7646_HARDIP@r7419_CSRINIT@r7284_FW@r7148/chain_0/system_tests/LP5X_1to4_x16_1fsp/system1/run_23/local_log.log,3,4864,5,16,0,0,1644,4,1,15,14,9,9,9,1,0,0,0,0,9,6,2,4,2,6,10,5,0,0,0,1,1,1,0,1,0,0,0,0,19,72,6,4,1,4,2,0,0,0,16,0,0,968,15,15,3,0,8,1,4,0,1,0,1,2,3,0,1,2,3,4,5,6,0,0,0,1,2,3,4,5,6,7,8,0,0,1,0,1,2,3,4,5,6,7,8,0,0,0,0,2,0,0,0,0,1,,,
/server/regressdb/tss_lp54_WW38_LP5_CFG3_REDUCED_REGR__20220926_080836__andrei__CONFIG@r8761_VERIF@r8824_PHYTOP@r7186_SOFTIP@r7646_HARDIP@r7419_CSRINIT@r7284_FW@r7148/chain_0/system_tests/LP5_1to2_x16_2fsp/system2/run_40/local_log.log,3,5480,5,16,0,0,1458,2,1,16,8,4,4,4,0,0,1,0,0,1,3,1,4,4,10,12,5,0,0,2,1,1,1,0,0,1,0,0,0,196,134,6,4,0,4,2,0,0,0,16,0,0,239,15,15,3,0,8,1,4,0,1,0,1,2,3,0,1,2,3,4,5,6,0,0,0,1,2,3,4,5,6,7,8,0,0,1,0,1,2,3,4,5,6,7,8,0,0,0,0,1,0,0,0,0,1,,,
/server/regressdb/tss_lp54_WW38_LP5_CFG3_REDUCED_REGR__20220926_080836__andrei__CONFIG@r8761_VERIF@r8824_PHYTOP@r7186_SOFTIP@r7646_HARDIP@r7419_CSRINIT@r7284_FW@r7148/chain_0/system_tests/LP5_1to2_x16_2fsp/system2/run_40/local_log.log,3,3376,5,16,0,0,2366,2,1,12,8,3,3,3,0,1,0,0,0,2,2,1,3,4,8,9,5,0,0,2,1,1,1,0,0,1,0,0,0,99,191,6,0,1,4,2,0,0,0,16,0,0,645,15,15,3,0,8,1,4,0,1,0,1,2,3,0,1,2,3,4,5,6,0,0,0,1,2,3,4,5,6,7,8,0,0,1,0,1,2,3,4,5,6,7,8,0,0,0,0,1,0,0,0,0,1,,,
/server/regressdb/tss_lp54_WW38_LP5_CFG3_REDUCED_REGR__20220926_080836__andrei__CONFIG@r8761_VERIF@r8824_PHYTOP@r7186_SOFTIP@r7646_HARDIP@r7419_CSRINIT@r7284_FW@r7148/chain_0/phystate_tests/phystate/cfg_ch_1_phystate_cdn_vip/run_3/local_log.log,3,6400,5,16,0,0,1250,4,1,18,9,11,11,11,0,0,1,1,0,4,8,2,4,2,7,13,5,0,0,0,1,1,1,0,1,0,0,0,0,11,37,4,0,0,4,2,0,0,0,16,0,0,864,15,15,3,0,8,1,4,0,1,0,1,2,3,0,1,2,3,4,5,6,0,0,0,1,2,3,4,5,6,7,8,0,0,1,0,1,2,3,4,5,6,7,8,0,0,0,0,0,0,0,0,0,1,,,
/server/regressdb/tss_lp54_WW38_LP5_CFG3_REDUCED_REGR__20220926_080836__andrei__CONFIG@r8761_VERIF@r8824_PHYTOP@r7186_SOFTIP@r7646_HARDIP@r7419_CSRINIT@r7284_FW@r7148/chain_0/phystate_tests/phystate/cfg_ch_1_phystate_cdn_vip/run_3/local_log.log,3,6400,5,16,0,0,1250,2,1,20,16,5,5,5,1,1,1,1,0,9,7,2,4,4,10,15,5,0,0,2,1,1,1,0,0,1,0,0,0,191,2,6,6,1,4,2,0,0,0,16,0,0,433,15,15,3,0,8,1,4,0,1,0,1,2,3,0,1,2,3,4,5,6,0,0,0,1,2,3,4,5,6,7,8,0,0,1,0,1,2,3,4,5,6,7,8,0,0,0,0,0,0,0,0,0,1,,,
/server/regressdb/tss_lp54_WW38_LP5_CFG3_REDUCED_REGR__20220926_080836__andrei__CONFIG@r8761_VERIF@r8824_PHYTOP@r7186_SOFTIP@r7646_HARDIP@r7419_CSRINIT@r7284_FW@r7148/chain_0/pll_calib_tests/pll/cfg_ch_1_pll_calib_cdn_vip/run_10/local_log.log,3,3968,5,16,0,0,2014,2,1,12,8,3,3,3,0,1,0,1,0,2,2,1,3,4,8,9,5,0,0,2,1,1,1,0,0,1,0,0,0,119,85,6,4,2,2,2,0,99,1,16,0,0,980,15,15,3,0,8,1,4,0,1,0,1,2,3,0,1,2,3,4,5,6,0,0,0,1,2,3,4,5,6,7,8,0,0,1,0,1,2,3,4,5,6,7,8,0,0,0,0,2,0,0,0,0,1,,,
/server/regressdb/tss_lp54_WW38_LP5_CFG3_REDUCED_REGR__20220926_080836__andrei__CONFIG@r8761_VERIF@r8824_PHYTOP@r7186_SOFTIP@r7646_HARDIP@r7419_CSRINIT@r7284_FW@r7148/chain_0/pll_calib_tests/pll/cfg_ch_1_pll_calib_cdn_vip/run_10/local_log.log,3,6120,5,16,0,0,1306,4,1,17,9,11,11,11,0,1,0,0,0,4,7,2,4,2,7,12,5,0,0,0,1,1,1,0,1,0,0,0,0,107,217,0,6,0,2,2,0,99,1,16,0,0,480,15,15,3,0,8,1,4,0,1,0,1,2,3,0,1,2,3,4,5,6,0,0,0,1,2,3,4,5,6,7,8,0,0,1,0,1,2,3,4,5,6,7,8,0,0,0,0,2,0,0,0,0,1,,,
/server/regressdb/tss_lp54_WW38_LP5_CFG3_REDUCED_REGR__20220926_080836__andrei__CONFIG@r8761_VERIF@r8824_PHYTOP@r7186_SOFTIP@r7646_HARDIP@r7419_CSRINIT@r7284_FW@r7148/chain_0/fw_tests/fw/cfg_ch1_system_FW/run_13/local_log.log,3,5328,5,16,0,0,1500,2,1,16,8,4,4,4,0,0,1,0,0,1,3,1,4,4,10,12,5,0,0,2,1,1,1,0,0,1,0,0,0,171,171,4,6,1,1,2,0,0,0,16,0,0,463,15,15,3,0,8,1,4,0,1,0,1,2,3,0,1,2,3,4,5,6,0,0,0,1,2,3,4,5,6,7,8,0,0,1,0,1,2,3,4,5,6,7,8,0,0,0,0,2,0,0,0,0,1,,,
/server/regressdb/tss_lp54_WW38_LP5_CFG3_REDUCED_REGR__20220926_080836__andrei__CONFIG@r8761_VERIF@r8824_PHYTOP@r7186_SOFTIP@r7646_HARDIP@r7419_CSRINIT@r7284_FW@r7148/chain_0/fw_tests/fw/cfg_ch1_system_FW/run_13/local_log.log,3,2120,5,16,0,0,3760,4,1,6,4,3,3,3,0,1,0,0,0,1,1,1,2,2,4,4,5,0,0,2,1,1,1,0,0,0,0,0,0,195,167,6,0,2,1,2,0,0,0,16,0,0,989,15,15,3,0,8,1,4,0,1,0,1,2,3,0,1,2,3,4,5,6,0,0,0,1,2,3,4,5,6,7,8,0,0,1,0,1,2,3,4,5,6,7,8,0,0,0,0,2,0,0,0,0,1,,,
/server/regressdb/tss_lp54_WW38_LP5_CFG3_REDUCED_REGR__20220926_080836__andrei__CONFIG@r8761_VERIF@r8824_PHYTOP@r7186_SOFTIP@r7646_HARDIP@r7419_CSRINIT@r7284_FW@r7148/chain_0/dfi_driver_tests/demo_tb/LP5_DFI_DRIVER_rqm1/run_15/local_log.log,3,6400,5,16,0,1,1250,2,1,18,10,5,5,5,0,0,0,1,0,3,5,2,4,4,10,13,5,0,0,2,1,1,1,0,0,1,0,0,0,168,77,6,0,2,1,2,0,0,0,16,0,0,417,15,15,3,0,8,1,4,0,1,0,1,2,3,0,1,2,3,4,5,6,0,0,0,1,2,3,4,5,6,7,8,0,0,1,0,1,2,3,4,5,6,7,8,0,0,0,0,0,0,0,0,0,1,,,
/server/regressdb/tss_lp54_WW38_LP5_CFG3_REDUCED_REGR__20220926_080836__andrei__CONFIG@r8761_VERIF@r8824_PHYTOP@r7186_SOFTIP@r7646_HARDIP@r7419_CSRINIT@r7284_FW@r7148/chain_0/dfi_driver_tests/demo_tb/LP5_DFI_DRIVER_rqm1/run_15/local_log.log,3,6400,5,16,0,1,1250,4,1,17,9,11,11,11,0,0,0,0,0,4,7,2,4,2,7,12,5,0,0,0,1,1,1,0,1,0,0,0,0,177,165,0,4,0,1,2,0,0,0,16,0,0,733,15,15,3,0,8,1,4,0,1,0,1,2,3,0,1,2,3,4,5,6,0,0,0,1,2,3,4,5,6,7,8,0,0,1,0,1,2,3,4,5,6,7,8,0,0,0,0,0,0,0,0,0,1,,,
/server/regressdb/tss_lp54_WW38_LP5_CFG3_REDUCED_REGR__20220926_080836__andrei__CONFIG@r8761_VERIF@r8824_PHYTOP@r7186_SOFTIP@r7646_HARDIP@r7419_CSRINIT@r7284_FW@r7148/chain_0/impedance_calib_tests/impedance/cfg_ch_1_imp_calib_cdn_vip/run_11/local_log.log,3,6400,5,16,0,0,1250,4,1,18,9,11,11,11,0,1,1,0,0,4,8,2,4,2,7,13,5,0,0,0,1,1,1,0,1,0,0,0,0,168,19,4,6,2,2,2,0,0,0,16,0,0,706,15,15,3,0,8,1,4,0,1,0,1,2,3,0,1,2,3,4,5,6,0,0,0,1,2,3,4,5,6,7,8,0,0,1,0,1,2,3,4,5,6,7,8,0,0,0,0,1,0,0,0,0,1,,,
/server/regressdb/tss_lp54_WW38_LP5_CFG3_REDUCED_REGR__20220926_080836__andrei__CONFIG@r8761_VERIF@r8824_PHYTOP@r7186_SOFTIP@r7646_HARDIP@r7419_CSRINIT@r7284_FW@r7148/chain_0/impedance_calib_tests/impedance/cfg_ch_1_imp_calib_cdn_vip/run_11/local_log.log,3,6400,5,16,0,0,1250,4,1,18,16,11,11,11,1,0,1,0,0,11,8,2,4,2,7,13,5,0,0,0,1,1,1,0,1,0,0,0,0,119,224,4,6,0,2,2,0,0,0,16,0,0,281,15,15,3,0,8,1,4,0,1,0,1,2,3,0,1,2,3,4,5,6,0,0,0,1,2,3,4,5,6,7,8,0,0,1,0,1,2,3,4,5,6,7,8,0,0,0,0,1,0,0,0,0,1,,,
/server/regressdb/tss_lp54_WW38_LP5_CFG3_REDUCED_REGR__20220926_080836__andrei__CONFIG@r8761_VERIF@r8824_PHYTOP@r7186_SOFTIP@r7646_HARDIP@r7419_CSRINIT@r7284_FW@r7148/chain_0/dll_calib_tests/dll/cfg_ch_1_dll_calib_drift_cdn_vip/run_9/local_log.log,3,2992,5,16,0,0,2668,2,1,10,6,2,2,2,0,1,1,1,0,1,1,1,2,4,8,8,5,0,0,2,1,1,1,0,0,1,0,0,0,48,64,6,0,2,4,2,0,0,0,16,99,1,13733,15,15,3,0,8,0,4,0,1,0,1,2,3,0,1,2,3,4,5,6,0,0,0,1,2,3,4,5,6,7,8,0,0,1,0,1,2,3,4,5,6,7,8,0,0,0,0,2,0,0,0,0,1,,,
/server/regressdb/tss_lp54_WW38_LP5_CFG3_REDUCED_REGR__20220926_080836__andrei__CONFIG@r8761_VERIF@r8824_PHYTOP@r7186_SOFTIP@r7646_HARDIP@r7419_CSRINIT@r7284_FW@r7148/chain_0/dll_calib_tests/dll/cfg_ch_1_dll_calib_drift_cdn_vip/run_9/local_log.log,3,1568,5,16,0,0,5078,4,1,5,3,2,2,2,0,1,0,1,0,1,1,1,1,2,4,4,5,0,0,2,1,1,1,0,0,0,0,0,0,173,83,0,6,0,4,2,0,0,0,16,99,1,21390,15,15,3,0,8,0,4,0,1,0,1,2,3,0,1,2,3,4,5,6,0,0,0,1,2,3,4,5,6,7,8,0,0,1,0,1,2,3,4,5,6,7,8,0,0,0,0,2,0,0,0,0,1,,,
/server/regressdb/tss_lp54_WW38_LP5_CFG3_REDUCED_REGR__20220926_080836__andrei__CONFIG@r8761_VERIF@r8824_PHYTOP@r7186_SOFTIP@r7646_HARDIP@r7419_CSRINIT@r7284_FW@r7148/chain_0/demo_tb_tests/demo_tb/demo_lp5_default/run_14/local_log.log,3,3200,5,16,0,0,2494,4,1,11,6,6,6,6,0,0,1,0,0,2,4,1,3,2,5,8,5,0,0,0,1,1,1,0,1,0,0,0,0,69,252,0,6,1,4,2,0,0,0,16,0,0,870,15,15,3,0,8,1,4,0,1,0,1,2,3,0,1,2,3,4,5,6,0,0,0,1,2,3,4,5,6,7,8,0,0,1,0,1,2,3,4,5,6,7,8,0,0,0,0,2,0,0,0,0,1,,,
/server/regressdb/tss_lp54_WW38_LP5_CFG3_REDUCED_REGR__20220926_080836__andrei__CONFIG@r8761_VERIF@r8824_PHYTOP@r7186_SOFTIP@r7646_HARDIP@r7419_CSRINIT@r7284_FW@r7148/chain_0/demo_tb_tests/demo_tb/demo_lp5_default/run_14/local_log.log,3,3200,5,16,0,0,2494,4,1,11,9,6,6,6,1,0,1,1,0,5,4,1,3,2,5,8,5,0,0,0,1,1,1,0,1,0,0,0,0,162,37,6,0,1,4,2,0,0,0,16,0,0,335,15,15,3,0,8,1,4,0,1,0,1,2,3,0,1,2,3,4,5,6,0,0,0,1,2,3,4,5,6,7,8,0,0,1,0,1,2,3,4,5,6,7,8,0,0,0,0,2,0,0,0,0,1,,,
/server/regressdb/tss_lp54_WW38_LP5_CFG3_REDUCED_REGR__20220926_080836__andrei__CONFIG@r8761_VERIF@r8824_PHYTOP@r7186_SOFTIP@r7646_HARDIP@r7419_CSRINIT@r7284_FW@r7148/chain_0/retrain_tests/LP5_1to2_x16_1fsp_retrain/Retrain_FT_Stress/run_37/local_log.log,3,6128,5,16,0,0,1304,2,1,20,16,5,5,5,1,0,1,1,0,9,7,2,4,4,10,15,5,0,0,2,1,1,1,0,0,1,0,0,0,219,90,4,4,2,1,2,0,0,0,16,0,0,986,15,15,3,0,8,1,4,0,1,0,1,2,3,0,1,2,3,4,5,6,0,0,0,1,2,3,4,5,6,7,8,0,0,1,0,1,2,3,4,5,6,7,8,0,0,0,0,1,0,0,0,0,1,,,
/server/regressdb/tss_lp54_WW38_LP5_CFG3_REDUCED_REGR__20220926_080836__andrei__CONFIG@r8761_VERIF@r8824_PHYTOP@r7186_SOFTIP@r7646_HARDIP@r7419_CSRINIT@r7284_FW@r7148/chain_0/retrain_tests/LP5_1to2_x16_1fsp_retrain/Retrain_FT_Stress/run_37/local_log.log,3,6248,5,16,0,0,1280,2,1,18,16,5,5,5,1,1,0,1,0,9,5,2,4,4,10,13,5,0,0,2,1,1,1,0,0,1,0,0,0,201,182,4,0,2,1,2,0,0,0,16,0,0,979,15,15,3,0,8,1,4,0,1,0,1,2,3,0,1,2,3,4,5,6,0,0,0,1,2,3,4,5,6,7,8,0,0,1,0,1,2,3,4,5,6,7,8,0,0,0,0,1,0,0,0,0,1,,,
/server/regressdb/tss_lp54_WW38_LP5_CFG3_REDUCED_REGR__20220926_080836__andrei__CONFIG@r8761_VERIF@r8824_PHYTOP@r7186_SOFTIP@r7646_HARDIP@r7419_CSRINIT@r7284_FW@r7148/chain_0/retrain_tests/LP5_1to4_x16_1fsp_retrain/Retrain_FT_Stress/run_45/local_log.log,3,6168,5,16,0,0,1296,4,1,18,16,11,11,11,1,0,1,0,0,11,8,2,4,2,7,13,5,0,0,0,1,1,1,0,1,0,0,0,0,214,123,0,0,1,4,2,0,0,0,16,0,0,861,15,15,3,0,8,1,4,0,1,0,1,2,3,0,1,2,3,4,5,6,0,0,0,1,2,3,4,5,6,7,8,0,0,1,0,1,2,3,4,5,6,7,8,0,0,0,0,1,0,0,0,0,1,,,
/server/regressdb/tss_lp54_WW38_LP5_CFG3_REDUCED_REGR__20220926_080836__andrei__CONFIG@r8761_VERIF@r8824_PHYTOP@r7186_SOFTIP@r7646_HARDIP@r7419_CSRINIT@r7284_FW@r7148/chain_0/retrain_tests/LP5_1to4_x16_1fsp_retrain/Retrain_FT_Stress/run_45/local_log.log,3,5296,5,16,0,0,1510,4,1,15,14,9,9,9,1,1,0,1,0,9,6,2,4,2,6,10,5,0,0,0,1,1,1,0,1,0,0,0,0,110,170,4,4,2,4,2,0,0,0,16,0,0,995,15,15,3,0,8,1,4,0,1,0,1,2,3,0,1,2,3,4,5,6,0,0,0,1,2,3,4,5,6,7,8,0,0,1,0,1,2,3,4,5,6,7,8,0,0,0,0,1,0,0,0,0,1,,,
/server/regressdb/tss_lp54_WW38_LP5_CFG3_REDUCED_REGR__20220926_080836__andrei__CONFIG@r8761_VERIF@r8824_PHYTOP@r7186_SOFTIP@r7646_HARDIP@r7419_CSRINIT@r7284_FW@r7148/chain_0/retrain_tests/LP5X_1to4_x16_2fsp/system2/run_29/local_log.log,3,6400,5,16,0,0,1250,4,1,17,16,11,11,11,1,1,0,1,0,11,7,2,4,2,7,12,5,0,0,0,1,1,1,0,1,0,0,0,0,136,127,6,6,2,1,2,0,0,0,16,0,0,475,15,15,3,0,8,1,4,0,1,0,1,2,3,0,1,2,3,4,5,6,0,0,0,1,2,3,4,5,6,7,8,0,0,1,0,1,2,3,4,5,6,7,8,0,0,0,0,0,0,0,0,0,1,,,
/server/regressdb/tss_lp54_WW38_LP5_CFG3_REDUCED_REGR__20220926_080836__andrei__CONFIG@r8761_VERIF@r8824_PHYTOP@r7186_SOFTIP@r7646_HARDIP@r7419_CSRINIT@r7284_FW@r7148/chain_0/retrain_tests/LP5X_1to4_x16_2fsp/system2/run_29/local_log.log,3,2136,5,16,0,0,3732,4,1,8,4,4,4,4,0,1,0,1,0,1,2,1,2,2,5,6,5,0,0,2,1,1,1,0,0,0,0,0,0,67,136,0,6,2,1,2,0,0,0,16,0,0,941,15,15,3,0,8,1,4,0,1,0,1,2,3,0,1,2,3,4,5,6,0,0,0,1,2,3,4,5,6,7,8,0,0,1,0,1,2,3,4,5,6,7,8,0,0,0,0,0,0,0,0,0,1,,,
/server/regressdb/tss_lp54_WW38_LP5_CFG3_REDUCED_REGR__20220926_080836__andrei__CONFIG@r8761_VERIF@r8824_PHYTOP@r7186_SOFTIP@r7646_HARDIP@r7419_CSRINIT@r7284_FW@r7148/chain_0/retrain_tests/LP5X_1to2_x16_2fsp/system2/run_19/local_log.log,3,6400,5,16,0,0,1250,2,1,18,10,5,5,5,0,1,0,0,0,3,5,2,4,4,10,13,5,0,0,2,1,1,1,0,0,1,0,0,0,66,137,0,4,2,2,2,0,0,0,16,0,0,872,15,15,3,0,8,1,4,0,1,0,1,2,3,0,1,2,3,4,5,6,0,0,0,1,2,3,4,5,6,7,8,0,0,1,0,1,2,3,4,5,6,7,8,0,0,0,0,1,0,0,0,0,1,,,
/server/regressdb/tss_lp54_WW38_LP5_CFG3_REDUCED_REGR__20220926_080836__andrei__CONFIG@r8761_VERIF@r8824_PHYTOP@r7186_SOFTIP@r7646_HARDIP@r7419_CSRINIT@r7284_FW@r7148/chain_0/retrain_tests/LP5X_1to2_x16_2fsp/system2/run_19/local_log.log,3,2136,5,16,0,0,3732,2,1,10,6,2,2,2,0,0,0,0,0,1,1,1,2,4,8,8,5,0,0,2,1,1,1,0,0,1,0,0,0,171,145,0,6,1,2,2,0,0,0,16,0,0,787,15,15,3,0,8,1,4,0,1,0,1,2,3,0,1,2,3,4,5,6,0,0,0,1,2,3,4,5,6,7,8,0,0,1,0,1,2,3,4,5,6,7,8,0,0,0,0,1,0,0,0,0,1,,,
/server/regressdb/tss_lp54_WW38_LP5_CFG3_REDUCED_REGR__20220926_080836__andrei__CONFIG@r8761_VERIF@r8824_PHYTOP@r7186_SOFTIP@r7646_HARDIP@r7419_CSRINIT@r7284_FW@r7148/chain_0/retrain_tests/LP5X_x16_2fsp/system2/run_33/local_log.log,3,6400,5,16,0,0,1250,2,1,20,16,5,5,5,1,1,1,0,0,9,7,2,4,4,10,15,5,0,0,2,1,1,1,0,0,1,0,0,0,199,244,4,4,0,4,2,0,0,0,16,0,0,399,15,15,3,0,8,1,4,0,1,0,1,2,3,0,1,2,3,4,5,6,0,0,0,1,2,3,4,5,6,7,8,0,0,1,0,1,2,3,4,5,6,7,8,0,0,0,0,1,0,0,0,0,1,,,
/server/regressdb/tss_lp54_WW38_LP5_CFG3_REDUCED_REGR__20220926_080836__andrei__CONFIG@r8761_VERIF@r8824_PHYTOP@r7186_SOFTIP@r7646_HARDIP@r7419_CSRINIT@r7284_FW@r7148/chain_0/retrain_tests/LP5X_x16_2fsp/system2/run_33/local_log.log,3,2136,5,16,0,0,3732,2,1,10,6,2,2,2,0,1,1,0,0,1,1,1,2,4,8,8,5,0,0,2,1,1,1,0,0,1,0,0,0,128,84,0,4,2,4,2,0,0,0,16,0,0,264,15,15,3,0,8,1,4,0,1,0,1,2,3,0,1,2,3,4,5,6,0,0,0,1,2,3,4,5,6,7,8,0,0,1,0,1,2,3,4,5,6,7,8,0,0,0,0,1,0,0,0,0,1,,,
/server/regressdb/tss_lp54_WW38_LP5_CFG3_REDUCED_REGR__20220926_080836__andrei__CONFIG@r8761_VERIF@r8824_PHYTOP@r7186_SOFTIP@r7646_HARDIP@r7419_CSRINIT@r7284_FW@r7148/chain_0/retrain_tests/LP5X_1to2_x16_1fsp_retrain/Retrain_FT_Stress/run_6/local_log.log,3,6248,5,16,0,0,1280,2,1,18,16,5,5,5,1,0,0,1,0,9,5,2,4,4,10,13,5,0,0,2,1,1,1,0,0,1,0,0,0,181,216,6,6,2,2,2,0,0,0,16,0,0,560,15,15,3,0,8,1,4,0,1,0,1,2,3,0,1,2,3,4,5,6,0,0,0,1,2,3,4,5,6,7,8,0,0,1,0,1,2,3,4,5,6,7,8,0,0,0,0,0,0,0,0,0,1,,,
/server/regressdb/tss_lp54_WW38_LP5_CFG3_REDUCED_REGR__20220926_080836__andrei__CONFIG@r8761_VERIF@r8824_PHYTOP@r7186_SOFTIP@r7646_HARDIP@r7419_CSRINIT@r7284_FW@r7148/chain_0/retrain_tests/LP5X_1to2_x16_1fsp_retrain/Retrain_FT_Stress/run_6/local_log.log,3,6352,5,16,0,0,1258,2,1,20,10,5,5,5,0,1,1,1,0,3,7,2,4,4,10,15,5,0,0,2,1,1,1,0,0,1,0,0,0,224,117,6,4,2,2,2,0,0,0,16,0,0,563,15,15,3,0,8,1,4,0,1,0,1,2,3,0,1,2,3,4,5,6,0,0,0,1,2,3,4,5,6,7,8,0,0,1,0,1,2,3,4,5,6,7,8,0,0,0,0,0,0,0,0,0,1,,,
/server/regressdb/tss_lp54_WW38_LP5_CFG3_REDUCED_REGR__20220926_080836__andrei__CONFIG@r8761_VERIF@r8824_PHYTOP@r7186_SOFTIP@r7646_HARDIP@r7419_CSRINIT@r7284_FW@r7148/chain_0/retrain_tests/LP5_1to2_x16_2fsp/system2/run_41/local_log.log,3,6400,5,16,0,0,1250,2,1,20,10,5,5,5,0,0,1,0,0,3,7,2,4,4,10,15,5,0,0,2,1,1,1,0,0,1,0,0,0,131,106,4,0,0,1,2,0,0,0,16,0,0,348,15,15,3,0,8,1,4,0,1,0,1,2,3,0,1,2,3,4,5,6,0,0,0,1,2,3,4,5,6,7,8,0,0,1,0,1,2,3,4,5,6,7,8,0,0,0,0,2,0,0,0,0,1,,,
/server/regressdb/tss_lp54_WW38_LP5_CFG3_REDUCED_REGR__20220926_080836__andrei__CONFIG@r8761_VERIF@r8824_PHYTOP@r7186_SOFTIP@r7646_HARDIP@r7419_CSRINIT@r7284_FW@r7148/chain_0/retrain_tests/LP5_1to2_x16_2fsp/system2/run_41/local_log.log,3,2136,5,16,0,0,3732,2,1,10,6,2,2,2,0,1,0,1,0,1,1,1,2,4,8,8,5,0,0,2,1,1,1,0,0,1,0,0,0,148,223,0,6,2,1,2,0,0,0,16,0,0,708,15,15,3,0,8,1,4,0,1,0,1,2,3,0,1,2,3,4,5,6,0,0,0,1,2,3,4,5,6,7,8,0,0,1,0,1,2,3,4,5,6,7,8,0,0,0,0,2,0,0,0,0,1,,,
/server/regressdb/tss_lp54_WW38_LP5_CFG3_REDUCED_REGR__20220926_080836__andrei__CONFIG@r8761_VERIF@r8824_PHYTOP@r7186_SOFTIP@r7646_HARDIP@r7419_CSRINIT@r7284_FW@r7148/chain_0/retrain_tests/LP5X_1to4_x16_1fsp_retrain/Retrain_FT_Stress/run_24/local_log.log,3,2640,5,16,0,0,3022,4,1,8,4,4,4,4,0,0,0,0,0,1,2,1,2,2,5,6,5,0,0,2,1,1,1,0,0,0,0,0,0,179,96,4,0,2,4,2,0,0,0,16,0,0,755,15,15,3,0,8,1,4,0,1,0,1,2,3,0,1,2,3,4,5,6,0,0,0,1,2,3,4,5,6,7,8,0,0,1,0,1,2,3,4,5,6,7,8,0,0,0,0,2,0,0,0,0,1,,,
/server/regressdb/tss_lp54_WW38_LP5_CFG3_REDUCED_REGR__20220926_080836__andrei__CONFIG@r8761_VERIF@r8824_PHYTOP@r7186_SOFTIP@r7646_HARDIP@r7419_CSRINIT@r7284_FW@r7148/chain_0/retrain_tests/LP5X_1to4_x16_1fsp_retrain/Retrain_FT_Stress/run_24/local_log.log,3,2048,5,16,0,0,3892,4,1,7,4,3,3,3,0,0,1,0,0,1,2,1,2,2,4,5,5,0,0,2,1,1,1,0,0,0,0,0,0,199,187,4,6,2,4,2,0,0,0,16,0,0,287,15,15,3,0,8,1,4,0,1,0,1,2,3,0,1,2,3,4,5,6,0,0,0,1,2,3,4,5,6,7,8,0,0,1,0,1,2,3,4,5,6,7,8,0,0,0,0,2,0,0,0,0,1,,,
/server/regressdb/tss_lp54_WW38_LP5_CFG3_REDUCED_REGR__20220926_080836__andrei__CONFIG@r8761_VERIF@r8824_PHYTOP@r7186_SOFTIP@r7646_HARDIP@r7419_CSRINIT@r7284_FW@r7148/chain_0/swizzle_tests/ch1_X16_1to4_SWIZZLE_RANDOM_BYTE_SWAP/FreqRanges_SingleRank/run_20/local_log.log,3,6064,5,16,0,0,1318,4,1,18,9,11,11,11,0,0,1,0,0,4,8,2,4,2,7,13,5,0,0,0,1,1,1,0,1,0,0,0,0,74,119,6,0,0,1,2,0,0,0,16,0,0,635,15,15,3,0,8,1,4,0,1,0,1,2,3,2,4,1,3,6,5,0,0,1,5,4,1,6,0,3,7,2,8,0,0,0,0,5,7,2,6,3,4,8,1,0,0,0,0,2,0,0,0,0,1,,,
/server/regressdb/tss_lp54_WW38_LP5_CFG3_REDUCED_REGR__20220926_080836__andrei__CONFIG@r8761_VERIF@r8824_PHYTOP@r7186_SOFTIP@r7646_HARDIP@r7419_CSRINIT@r7284_FW@r7148/chain_0/swizzle_tests/ch1_X16_1to4_SWIZZLE_RANDOM_BYTE_SWAP/FreqRanges_SingleRank/run_20/local_log.log,3,6272,5,16,0,0,1274,4,1,18,16,11,11,11,1,0,1,1,0,11,8,2,4,2,7,13,5,0,0,0,1,1,1,0,1,0,0,0,0,125,195,6,6,2,1,2,0,0,0,16,0,0,979,15,15,3,0,8,1,4,0,1,0,1,2,3,2,4,1,3,6,5,0,0,1,5,4,1,6,0,3,7,2,8,0,0,0,0,5,7,2,6,3,4,8,1,0,0,0,0,2,0,0,0,0,1,,,
/server/regressdb/tss_lp54_WW38_LP5_CFG3_REDUCED_REGR__20220926_080836__andrei__CONFIG@r8761_VERIF@r8824_PHYTOP@r7186_SOFTIP@r7646_HARDIP@r7419_CSRINIT@r7284_FW@r7148/chain_0/swizzle_tests/ch1_X16_1to4_TSS_REMOVE_SWIZZLE_MUX/FreqRanges_SingleRank/run_25/local_log.log,3,6072,5,16,0,0,1316,4,1,18,16,11,11,11,1,1,1,0,0,11,8,2,4,2,7,13,5,0,0,0,1,1,1,0,1,0,0,0,0,17,217,0,0,1,1,2,0,0,0,16,0,0,133,15,15,3,0,8,1,4,0,0,,,,,,,,,,,,,,,,,,,,,,,,,,,,,,,,,,,,,0,0,2,0,0,0,0,1,,,
/server/regressdb/tss_lp54_WW38_LP5_CFG3_REDUCED_REGR__20220926_080836__andrei__CONFIG@r8761_VERIF@r8824_PHYTOP@r7186_SOFTIP@r7646_HARDIP@r7419_CSRINIT@r7284_FW@r7148/chain_0/swizzle_tests/ch1_X16_1to4_TSS_REMOVE_SWIZZLE_MUX/FreqRanges_SingleRank/run_25/local_log.log,3,6032,5,16,0,0,1326,4,1,17,9,11,11,11,0,1,0,0,0,4,7,2,4,2,7,12,5,0,0,0,1,1,1,0,1,0,0,0,0,146,221,6,4,2,1,2,0,0,0,16,0,0,506,15,15,3,0,8,1,4,0,0,,,,,,,,,,,,,,,,,,,,,,,,,,,,,,,,,,,,,0,0,2,0,0,0,0,1,,,
/server/regressdb/tss_lp54_WW38_LP5_CFG3_REDUCED_REGR__20220926_080836__andrei__CONFIG@r8761_VERIF@r8824_PHYTOP@r7186_SOFTIP@r7646_HARDIP@r7419_CSRINIT@r7284_FW@r7148/chain_0/swizzle_tests/ch1_X16_1to4_SWIZZLE_RANDOM/FreqRanges_SingleRank/run_7/local_log.log,3,6216,5,16,0,0,1286,4,1,18,16,11,11,11,1,1,1,0,0,11,8,2,4,2,7,13,5,0,0,0,1,1,1,0,1,0,0,0,0,135,251,6,4,2,1,2,0,0,0,16,0,0,891,15,15,3,0,8,1,4,0,1,0,1,2,3,3,5,1,2,6,0,4,1,0,4,5,6,1,3,7,0,2,8,1,1,1,1,8,2,5,7,3,4,6,0,1,1,0,0,2,0,0,0,0,1,,,
/server/regressdb/tss_lp54_WW38_LP5_CFG3_REDUCED_REGR__20220926_080836__andrei__CONFIG@r8761_VERIF@r8824_PHYTOP@r7186_SOFTIP@r7646_HARDIP@r7419_CSRINIT@r7284_FW@r7148/chain_0/swizzle_tests/ch1_X16_1to4_SWIZZLE_RANDOM/FreqRanges_SingleRank/run_7/local_log.log,3,6000,5,16,0,0,1332,4,1,17,16,11,11,11,1,0,0,1,0,11,7,2,4,2,7,12,5,0,0,0,1,1,1,0,1,0,0,0,0,43,124,0,6,2,1,2,0,0,0,16,0,0,103,15,15,3,0,8,1,4,0,1,0,1,2,3,3,5,1,2,6,0,4,1,0,4,5,6,1,3,7,0,2,8,1,1,1,1,8,2,5,7,3,4,6,0,1,1,0,0,2,0,0,0,0,1,,,
/server/regressdb/tss_lp54_WW38_LP5_CFG3_REDUCED_REGR__20220926_080836__andrei__CONFIG@r8761_VERIF@r8824_PHYTOP@r7186_SOFTIP@r7646_HARDIP@r7419_CSRINIT@r7284_FW@r7148/chain_0/swizzle_tests/ch1_1to4_x16_1fsp_SWIZZLE_RANDOM_BYTE_SWAP/system1/run_34/local_log.log,3,4424,5,16,0,0,1806,4,1,14,12,8,8,8,1,1,1,1,0,8,6,2,3,2,6,10,5,0,0,0,1,1,1,0,1,0,0,0,0,32,217,4,4,2,1,2,0,0,0,16,0,0,247,15,15,3,0,8,1,4,0,1,0,1,2,3,1,4,2,3,6,0,5,1,1,2,4,5,0,8,7,6,3,1,1,0,0,3,4,1,7,0,5,8,6,2,1,0,0,0,1,0,0,0,0,1,,,
/server/regressdb/tss_lp54_WW38_LP5_CFG3_REDUCED_REGR__20220926_080836__andrei__CONFIG@r8761_VERIF@r8824_PHYTOP@r7186_SOFTIP@r7646_HARDIP@r7419_CSRINIT@r7284_FW@r7148/chain_0/swizzle_tests/ch1_1to4_x16_1fsp_SWIZZLE_RANDOM_BYTE_SWAP/system1/run_34/local_log.log,3,600,5,16,0,0,13158,4,1,4,3,1,1,1,1,1,0,0,0,1,0,0,1,2,4,4,5,0,0,2,1,1,1,0,0,0,0,0,0,108,161,6,0,0,1,2,0,0,0,16,0,0,617,15,15,3,0,8,1,4,0,1,0,1,2,3,1,4,2,3,6,0,5,1,1,2,4,5,0,8,7,6,3,1,1,0,0,3,4,1,7,0,5,8,6,2,1,0,0,0,1,0,0,0,0,1,,,
/server/regressdb/tss_lp54_WW38_LP5_CFG3_REDUCED_REGR__20220926_080836__andrei__CONFIG@r8761_VERIF@r8824_PHYTOP@r7186_SOFTIP@r7646_HARDIP@r7419_CSRINIT@r7284_FW@r7148/chain_0/swizzle_tests/ch1_1to4_x16_2fsp_SWIZZLE_RANDOM/system1/run_38/local_log.log,3,3688,5,16,0,0,2166,4,1,10,9,6,6,6,1,1,0,1,0,5,3,1,3,2,5,7,5,0,0,0,1,1,1,0,1,0,0,0,0,239,87,6,6,1,1,2,0,0,0,16,0,0,827,15,15,3,0,8,1,4,0,1,0,1,2,3,0,2,1,6,4,5,3,0,0,0,1,2,8,5,7,6,3,4,0,0,1,6,4,3,0,1,8,2,5,7,1,1,0,0,1,0,0,0,0,1,,,
/server/regressdb/tss_lp54_WW38_LP5_CFG3_REDUCED_REGR__20220926_080836__andrei__CONFIG@r8761_VERIF@r8824_PHYTOP@r7186_SOFTIP@r7646_HARDIP@r7419_CSRINIT@r7284_FW@r7148/chain_0/swizzle_tests/ch1_1to4_x16_2fsp_SWIZZLE_RANDOM/system1/run_38/local_log.log,3,5000,5,16,0,0,1600,4,1,15,8,9,9,9,0,1,0,1,0,3,6,2,4,2,6,10,5,0,0,0,1,1,1,0,1,0,0,0,0,108,161,0,4,2,1,2,0,0,0,16,0,0,434,15,15,3,0,8,1,4,0,1,0,1,2,3,0,2,1,6,4,5,3,0,0,0,1,2,8,5,7,6,3,4,0,0,1,6,4,3,0,1,8,2,5,7,1,1,0,0,1,0,0,0,0,1,,,
/server/regressdb/tss_lp54_WW38_LP5_CFG3_REDUCED_REGR__20220926_080836__andrei__CONFIG@r8761_VERIF@r8824_PHYTOP@r7186_SOFTIP@r7646_HARDIP@r7419_CSRINIT@r7284_FW@r7148/chain_0/swizzle_tests/ch1_x16_2fsp_SWIZZLE_RANDOM/system2/run_46/local_log.log,3,2664,5,16,0,0,2996,2,1,10,6,2,2,2,0,0,0,0,0,1,1,1,2,4,8,8,5,0,0,2,1,1,1,0,0,1,0,0,0,185,241,0,4,2,1,2,0,0,0,16,0,0,355,15,15,3,0,8,1,4,0,1,0,1,2,3,5,1,4,2,6,0,3,0,0,4,3,5,8,0,6,7,2,1,0,0,1,2,1,8,5,3,6,4,0,7,0,0,0,0,1,0,0,0,0,1,,,
/server/regressdb/tss_lp54_WW38_LP5_CFG3_REDUCED_REGR__20220926_080836__andrei__CONFIG@r8761_VERIF@r8824_PHYTOP@r7186_SOFTIP@r7646_HARDIP@r7419_CSRINIT@r7284_FW@r7148/chain_0/swizzle_tests/ch1_x16_2fsp_SWIZZLE_RANDOM/system2/run_46/local_log.log,3,4192,5,16,0,0,1906,2,1,12,8,3,3,3,0,0,0,1,0,2,2,1,3,4,8,9,5,0,0,2,1,1,1,0,0,1,0,0,0,13,138,0,4,1,1,2,0,0,0,16,0,0,393,15,15,3,0,8,1,4,0,1,0,1,2,3,5,1,4,2,6,0,3,0,0,4,3,5,8,0,6,7,2,1,0,0,1,2,1,8,5,3,6,4,0,7,0,0,0,0,1,0,0,0,0,1,,,
/server/regressdb/tss_lp54_WW38_LP5_CFG3_REDUCED_REGR__20220926_080836__andrei__CONFIG@r8761_VERIF@r8824_PHYTOP@r7186_SOFTIP@r7646_HARDIP@r7419_CSRINIT@r7284_FW@r7148/chain_0/swizzle_tests/ch1_1to4_x16_2fsp_SWIZZLE_RANDOM_BYTE_SWAP/system1/run_42/local_log.log,3,3560,5,16,0,0,2244,4,1,10,6,6,6,6,0,0,0,1,0,2,3,1,3,2,5,7,5,0,0,0,1,1,1,0,1,0,0,0,0,81,255,0,4,1,4,2,0,0,0,16,0,0,480,15,15,3,0,8,1,4,0,1,0,1,2,3,4,2,3,6,0,5,1,1,1,8,3,7,0,5,2,4,6,1,0,1,0,7,3,1,4,0,2,5,6,8,0,0,0,0,2,0,0,0,0,1,,,
/server/regressdb/tss_lp54_WW38_LP5_CFG3_REDUCED_REGR__20220926_080836__andrei__CONFIG@r8761_VERIF@r8824_PHYTOP@r7186_SOFTIP@r7646_HARDIP@r7419_CSRINIT@r7284_FW@r7148/chain_0/swizzle_tests/ch1_1to4_x16_2fsp_SWIZZLE_RANDOM_BYTE_SWAP/system1/run_42/local_log.log,3,4472,5,16,0,0,1786,4,1,13,12,8,8,8,1,1,0,1,0,8,5,2,3,2,6,9,5,0,0,0,1,1,1,0,1,0,0,0,0,98,81,6,4,1,4,2,0,0,0,16,0,0,869,15,15,3,0,8,1,4,0,1,0,1,2,3,4,2,3,6,0,5,1,1,1,8,3,7,0,5,2,4,6,1,0,1,0,7,3,1,4,0,2,5,6,8,0,0,0,0,2,0,0,0,0,1,,,
/server/regressdb/tss_lp54_WW38_LP5_CFG3_REDUCED_REGR__20220926_080836__andrei__CONFIG@r8761_VERIF@r8824_PHYTOP@r7186_SOFTIP@r7646_HARDIP@r7419_CSRINIT@r7284_FW@r7148/chain_0/swizzle_tests/ch1_1to4_x16_1fsp_SWIZZLE_RANDOM/system1/run_30/local_log.log,3,2808,5,16,0,0,2842,4,1,9,5,5,5,5,0,1,0,0,0,2,3,1,2,2,5,7,5,0,0,2,1,1,1,0,0,0,0,0,0,145,63,6,4,0,1,2,0,0,0,16,0,0,952,15,15,3,0,8,1,4,0,1,0,1,2,3,4,3,1,0,5,6,2,1,0,6,7,2,1,8,0,4,5,3,1,1,1,7,3,5,0,2,1,8,4,6,1,1,0,0,0,0,0,0,0,1,,,
/server/regressdb/tss_lp54_WW38_LP5_CFG3_REDUCED_REGR__20220926_080836__andrei__CONFIG@r8761_VERIF@r8824_PHYTOP@r7186_SOFTIP@r7646_HARDIP@r7419_CSRINIT@r7284_FW@r7148/chain_0/swizzle_tests/ch1_1to4_x16_1fsp_SWIZZLE_RANDOM/system1/run_30/local_log.log,3,4368,5,16,0,0,1830,4,1,13,7,8,8,8,0,0,0,0,0,3,5,2,3,2,6,9,5,0,0,0,1,1,1,0,1,0,0,0,0,31,68,6,0,0,1,2,0,0,0,16,0,0,268,15,15,3,0,8,1,4,0,1,0,1,2,3,4,3,1,0,5,6,2,1,0,6,7,2,1,8,0,4,5,3,1,1,1,7,3,5,0,2,1,8,4,6,1,1,0,0,0,0,0,0,0,1,,,
/server/regressdb/tss_lp54_WW38_LP5_CFG3_REDUCED_REGR__20220926_080836__andrei__CONFIG@r8761_VERIF@r8824_PHYTOP@r7186_SOFTIP@r7646_HARDIP@r7419_CSRINIT@r7284_FW@r7148/chain_0/training_tests/ch1_X16_1to4_cross_CBT_TxDQ/system/run_43/local_log.log,3,4736,5,16,0,0,1688,4,1,14,12,8,8,8,1,0,1,1,0,8,6,2,3,2,6,10,5,0,0,0,1,1,1,0,1,0,0,0,0,74,98,4,6,0,4,2,0,0,0,16,0,0,672,15,15,3,0,8,1,4,0,1,0,1,2,3,0,1,2,3,4,5,6,0,0,0,1,2,3,4,5,6,7,8,0,0,1,0,1,2,3,4,5,6,7,8,0,0,0,0,1,0,0,0,0,1,1,1,
/server/regressdb/tss_lp54_WW38_LP5_CFG3_REDUCED_REGR__20220926_080836__andrei__CONFIG@r8761_VERIF@r8824_PHYTOP@r7186_SOFTIP@r7646_HARDIP@r7419_CSRINIT@r7284_FW@r7148/chain_0/training_tests/ch1_X16_1to4_cross_CBT_TxDQ/system/run_43/local_log.log,3,4656,5,16,0,0,1716,4,1,13,7,8,8,8,0,0,0,0,0,3,5,2,3,2,6,9,5,0,0,0,1,1,1,0,1,0,0,0,0,240,186,4,0,0,4,2,0,0,0,16,0,0,937,15,15,3,0,8,1,4,0,1,0,1,2,3,0,1,2,3,4,5,6,0,0,0,1,2,3,4,5,6,7,8,0,0,1,0,1,2,3,4,5,6,7,8,0,0,0,0,1,0,0,0,0,1,1,1,
/server/regressdb/tss_lp54_WW38_LP5_CFG3_REDUCED_REGR__20220926_080836__andrei__CONFIG@r8761_VERIF@r8824_PHYTOP@r7186_SOFTIP@r7646_HARDIP@r7419_CSRINIT@r7284_FW@r7148/chain_0/training_tests/ch1_X16_1to4_MinorMode_iCBTVrefTrain_2/FreqRanges_SingleRank/run_21/local_log.log,3,6272,5,16,0,0,1274,4,1,18,16,11,11,11,1,0,1,1,0,11,8,2,4,2,7,13,5,0,0,0,1,1,1,0,1,0,0,0,0,54,107,4,0,1,1,2,0,0,0,16,0,0,161,15,15,3,0,8,1,4,0,1,0,1,2,3,0,1,2,3,4,5,6,0,0,0,1,2,3,4,5,6,7,8,0,0,1,0,1,2,3,4,5,6,7,8,0,0,0,0,0,0,0,0,0,1,,2,
/server/regressdb/tss_lp54_WW38_LP5_CFG3_REDUCED_REGR__20220926_080836__andrei__CONFIG@r8761_VERIF@r8824_PHYTOP@r7186_SOFTIP@r7646_HARDIP@r7419_CSRINIT@r7284_FW@r7148/chain_0/training_tests/ch1_X16_1to4_MinorMode_iCBTVrefTrain_2/FreqRanges_SingleRank/run_21/local_log.log,3,6024,5,16,0,0,1328,4,1,17,9,11,11,11,0,1,0,0,0,4,7,2,4,2,7,12,5,0,0,0,1,1,1,0,1,0,0,0,0,59,49,0,4,1,1,2,0,0,0,16,0,0,425,15,15,3,0,8,1,4,0,1,0,1,2,3,0,1,2,3,4,5,6,0,0,0,1,2,3,4,5,6,7,8,0,0,1,0,1,2,3,4,5,6,7,8,0,0,0,0,0,0,0,0,0,1,,2,
/server/regressdb/tss_lp54_WW38_LP5_CFG3_REDUCED_REGR__20220926_080836__andrei__CONFIG@r8761_VERIF@r8824_PHYTOP@r7186_SOFTIP@r7646_HARDIP@r7419_CSRINIT@r7284_FW@r7148/chain_0/training_tests/datapath_tests_CA_Train_zero_skew_x16_1to4/run_1/local_log.log,3,2552,5,16,0,0,3126,4,1,8,4,4,4,4,0,1,0,1,0,1,2,1,2,2,5,6,5,0,0,2,1,1,1,0,0,0,0,0,0,28,6,4,0,2,1,2,0,0,0,16,0,0,961,15,15,3,0,8,1,4,0,1,0,1,2,3,0,1,2,3,4,5,6,0,0,0,1,2,3,4,5,6,7,8,0,0,1,0,1,2,3,4,5,6,7,8,0,0,0,0,1,0,0,0,0,1,,,
/server/regressdb/tss_lp54_WW38_LP5_CFG3_REDUCED_REGR__20220926_080836__andrei__CONFIG@r8761_VERIF@r8824_PHYTOP@r7186_SOFTIP@r7646_HARDIP@r7419_CSRINIT@r7284_FW@r7148/chain_0/training_tests/datapath_tests_CA_Train_zero_skew_x16_1to4/run_1/local_log.log,3,4152,5,16,0,0,1924,4,1,12,6,7,7,7,0,1,0,1,0,2,4,1,3,2,6,9,5,0,0,0,1,1,1,0,1,0,0,0,0,123,225,4,4,1,1,2,0,0,0,16,0,0,500,15,15,3,0,8,1,4,0,1,0,1,2,3,0,1,2,3,4,5,6,0,0,0,1,2,3,4,5,6,7,8,0,0,1,0,1,2,3,4,5,6,7,8,0,0,0,0,1,0,0,0,0,1,,,
/server/regressdb/tss_lp54_WW38_LP5_CFG3_REDUCED_REGR__20220926_080836__andrei__CONFIG@r8761_VERIF@r8824_PHYTOP@r7186_SOFTIP@r7646_HARDIP@r7419_CSRINIT@r7284_FW@r7148/chain_0/training_tests/ch1_X16_1to4_MinorMode_iRxDQVrefTrain_2/FreqRanges_SingleRank/run_39/local_log.log,3,6088,5,16,0,0,1314,4,1,17,9,11,11,11,0,0,0,0,0,4,7,2,4,2,7,12,5,0,0,0,1,1,1,0,1,0,0,0,0,185,208,6,6,1,1,2,0,0,0,16,0,0,185,15,15,3,0,8,1,4,0,1,0,1,2,3,0,1,2,3,4,5,6,0,0,0,1,2,3,4,5,6,7,8,0,0,1,0,1,2,3,4,5,6,7,8,0,0,0,0,2,0,0,0,0,1,,,2
/server/regressdb/tss_lp54_WW38_LP5_CFG3_REDUCED_REGR__20220926_080836__andrei__CONFIG@r8761_VERIF@r8824_PHYTOP@r7186_SOFTIP@r7646_HARDIP@r7419_CSRINIT@r7284_FW@r7148/chain_0/training_tests/ch1_X16_1to4_MinorMode_iRxDQVrefTrain_2/FreqRanges_SingleRank/run_39/local_log.log,3,6256,5,16,0,0,1278,4,1,18,9,11,11,11,0,1,1,0,0,4,8,2,4,2,7,13,5,0,0,0,1,1,1,0,1,0,0,0,0,0,115,6,0,2,1,2,0,0,0,16,0,0,516,15,15,3,0,8,1,4,0,1,0,1,2,3,0,1,2,3,4,5,6,0,0,0,1,2,3,4,5,6,7,8,0,0,1,0,1,2,3,4,5,6,7,8,0,0,0,0,2,0,0,0,0,1,,,2
/server/regressdb/tss_lp54_WW38_LP5_CFG3_REDUCED_REGR__20220926_080836__andrei__CONFIG@r8761_VERIF@r8824_PHYTOP@r7186_SOFTIP@r7646_HARDIP@r7419_CSRINIT@r7284_FW@r7148/chain_0/training_tests/ch1_X16_1to4_MinorMode_iCBTVrefTrain_1/system/run_8/local_log.log,3,1888,5,16,0,0,4220,4,1,6,5,3,3,3,1,1,0,0,0,2,1,1,2,2,4,4,5,0,0,2,1,1,1,0,0,0,0,0,0,58,127,0,6,1,2,2,0,0,0,16,0,0,597,15,15,3,0,8,1,4,0,1,0,1,2,3,0,1,2,3,4,5,6,0,0,0,1,2,3,4,5,6,7,8,0,0,1,0,1,2,3,4,5,6,7,8,0,0,0,0,0,0,0,0,0,1,,1,
/server/regressdb/tss_lp54_WW38_LP5_CFG3_REDUCED_REGR__20220926_080836__andrei__CONFIG@r8761_VERIF@r8824_PHYTOP@r7186_SOFTIP@r7646_HARDIP@r7419_CSRINIT@r7284_FW@r7148/chain_0/training_tests/ch1_X16_1to4_MinorMode_iCBTVrefTrain_1/system/run_8/local_log.log,3,1832,5,16,0,0,4348,4,1,6,4,3,3,3,0,0,0,0,0,1,1,1,2,2,4,4,5,0,0,2,1,1,1,0,0,0,0,0,0,42,88,6,4,2,2,2,0,0,0,16,0,0,397,15,15,3,0,8,1,4,0,1,0,1,2,3,0,1,2,3,4,5,6,0,0,0,1,2,3,4,5,6,7,8,0,0,1,0,1,2,3,4,5,6,7,8,0,0,0,0,0,0,0,0,0,1,,1,
/server/regressdb/tss_lp54_WW38_LP5_CFG3_REDUCED_REGR__20220926_080836__andrei__CONFIG@r8761_VERIF@r8824_PHYTOP@r7186_SOFTIP@r7646_HARDIP@r7419_CSRINIT@r7284_FW@r7148/chain_0/training_tests/ch1_X16_1to4_MinorMode_iTxDQVrefTrain_1/system/run_26/local_log.log,3,4648,5,16,0,0,1720,4,1,14,7,8,8,8,0,0,1,1,0,3,6,2,3,2,6,10,5,0,0,0,1,1,1,0,1,0,0,0,0,210,186,0,6,0,1,2,0,0,0,16,0,0,242,15,15,3,0,8,1,4,0,1,0,1,2,3,0,1,2,3,4,5,6,0,0,0,1,2,3,4,5,6,7,8,0,0,1,0,1,2,3,4,5,6,7,8,0,0,0,0,1,0,0,0,0,1,1,,
/server/regressdb/tss_lp54_WW38_LP5_CFG3_REDUCED_REGR__20220926_080836__andrei__CONFIG@r8761_VERIF@r8824_PHYTOP@r7186_SOFTIP@r7646_HARDIP@r7419_CSRINIT@r7284_FW@r7148/chain_0/training_tests/ch1_X16_1to4_MinorMode_iTxDQVrefTrain_1/system/run_26/local_log.log,3,6104,5,16,0,0,1310,4,1,17,9,11,11,11,0,1,0,0,0,4,7,2,4,2,7,12,5,0,0,0,1,1,1,0,1,0,0,0,0,9,215,4,6,1,1,2,0,0,0,16,0,0,904,15,15,3,0,8,1,4,0,1,0,1,2,3,0,1,2,3,4,5,6,0,0,0,1,2,3,4,5,6,7,8,0,0,1,0,1,2,3,4,5,6,7,8,0,0,0,0,1,0,0,0,0,1,1,,
/server/regressdb/tss_lp54_WW38_LP5_CFG3_REDUCED_REGR__20220926_080836__andrei__CONFIG@r8761_VERIF@r8824_PHYTOP@r7186_SOFTIP@r7646_HARDIP@r7419_CSRINIT@r7284_FW@r7148/chain_0/training_tests/ch1_X16_1to4_cross_stress_CBT_TxDQ/system/run_47/local_log.log,3,3408,5,16,0,0,2342,4,1,10,6,6,6,6,0,1,0,0,0,2,3,1,3,2,5,7,5,0,0,0,1,1,1,0,1,0,0,0,0,85,218,4,4,1,2,2,0,0,0,16,0,0,295,15,15,3,0,8,1,4,0,1,0,1,2,3,0,1,2,3,4,5,6,0,0,0,1,2,3,4,5,6,7,8,0,0,1,0,1,2,3,4,5,6,7,8,0,0,0,0,1,0,0,0,0,1,2,2,
/server/regressdb/tss_lp54_WW38_LP5_CFG3_REDUCED_REGR__20220926_080836__andrei__CONFIG@r8761_VERIF@r8824_PHYTOP@r7186_SOFTIP@r7646_HARDIP@r7419_CSRINIT@r7284_FW@r7148/chain_0/training_tests/ch1_X16_1to4_cross_stress_CBT_TxDQ/system/run_47/local_log.log,3,1000,5,16,0,0,7938,4,1,4,3,1,1,1,1,1,1,0,0,1,0,0,1,2,4,4,5,0,0,2,1,1,1,0,0,0,0,0,0,193,205,4,6,2,2,2,0,0,0,16,0,0,243,15,15,3,0,8,1,4,0,1,0,1,2,3,0,1,2,3,4,5,6,0,0,0,1,2,3,4,5,6,7,8,0,0,1,0,1,2,3,4,5,6,7,8,0,0,0,0,1,0,0,0,0,1,2,2,
/server/regressdb/tss_lp54_WW38_LP5_CFG3_REDUCED_REGR__20220926_080836__andrei__CONFIG@r8761_VERIF@r8824_PHYTOP@r7186_SOFTIP@r7646_HARDIP@r7419_CSRINIT@r7284_FW@r7148/chain_0/training_tests/ch1_X16_1to4_MinorMode_iRxDQVrefTrain_1/system/run_35/local_log.log,3,2512,5,16,0,0,3176,4,1,8,7,4,4,4,1,0,0,0,0,4,2,1,2,2,5,6,5,0,0,2,1,1,1,0,0,0,0,0,0,142,187,4,4,1,1,2,0,0,0,16,0,0,212,15,15,3,0,8,1,4,0,1,0,1,2,3,0,1,2,3,4,5,6,0,0,0,1,2,3,4,5,6,7,8,0,0,1,0,1,2,3,4,5,6,7,8,0,0,0,0,0,0,0,0,0,1,,,1
/server/regressdb/tss_lp54_WW38_LP5_CFG3_REDUCED_REGR__20220926_080836__andrei__CONFIG@r8761_VERIF@r8824_PHYTOP@r7186_SOFTIP@r7646_HARDIP@r7419_CSRINIT@r7284_FW@r7148/chain_0/training_tests/ch1_X16_1to4_MinorMode_iRxDQVrefTrain_1/system/run_35/local_log.log,3,5960,5,16,0,0,1342,4,1,17,15,10,10,10,1,0,1,0,0,10,7,2,4,2,7,12,5,0,0,0,1,1,1,0,1,0,0,0,0,238,176,6,6,2,1,2,0,0,0,16,0,0,401,15,15,3,0,8,1,4,0,1,0,1,2,3,0,1,2,3,4,5,6,0,0,0,1,2,3,4,5,6,7,8,0,0,1,0,1,2,3,4,5,6,7,8,0,0,0,0,0,0,0,0,0,1,,,1
/server/regressdb/tss_lp54_WW38_LP5_CFG3_REDUCED_REGR__20220926_080836__andrei__CONFIG@r8761_VERIF@r8824_PHYTOP@r7186_SOFTIP@r7646_HARDIP@r7419_CSRINIT@r7284_FW@r7148/chain_0/training_tests/ch1_X16_1to4_MinorMode_iTxDQVrefTrain_2/FreqRanges_SingleRank/run_31/local_log.log,3,6008,5,16,0,0,1330,4,1,17,16,11,11,11,1,1,0,1,0,11,7,2,4,2,7,12,5,0,0,0,1,1,1,0,1,0,0,0,0,215,243,6,6,0,1,2,0,0,0,16,0,0,183,15,15,3,0,8,1,4,0,1,0,1,2,3,0,1,2,3,4,5,6,0,0,0,1,2,3,4,5,6,7,8,0,0,1,0,1,2,3,4,5,6,7,8,0,0,0,0,0,0,0,0,0,1,2,,
/server/regressdb/tss_lp54_WW38_LP5_CFG3_REDUCED_REGR__20220926_080836__andrei__CONFIG@r8761_VERIF@r8824_PHYTOP@r7186_SOFTIP@r7646_HARDIP@r7419_CSRINIT@r7284_FW@r7148/chain_0/training_tests/ch1_X16_1to4_MinorMode_iTxDQVrefTrain_2/FreqRanges_SingleRank/run_31/local_log.log,3,6224,5,16,0,0,1284,4,1,17,16,11,11,11,1,1,0,1,0,11,7,2,4,2,7,12,5,0,0,0,1,1,1,0,1,0,0,0,0,212,50,0,4,1,1,2,0,0,0,16,0,0,720,15,15,3,0,8,1,4,0,1,0,1,2,3,0,1,2,3,4,5,6,0,0,0,1,2,3,4,5,6,7,8,0,0,1,0,1,2,3,4,5,6,7,8,0,0,0,0,0,0,0,0,0,1,2,,
/server/regressdb/tss_lp54_WW38_LP5_CFG3_REDUCED_REGR__20220926_080836__andrei__CONFIG@r8761_VERIF@r8824_PHYTOP@r7186_SOFTIP@r7646_HARDIP@r7419_CSRINIT@r7284_FW@r7148/chain_0/Jira_tests/Jira/Jira1415_1to4_Low_Freq/run_16/local_log.log,3,456,5,16,0,0,17242,4,1,3,2,0,0,0,1,1,0,0,0,0,0,0,1,2,3,3,5,0,0,2,1,1,1,0,0,0,0,0,0,211,125,6,0,1,1,2,0,0,0,16,0,0,262,15,15,3,0,8,1,4,0,1,0,1,2,3,0,1,2,3,4,5,6,0,0,0,1,2,3,4,5,6,7,8,0,0,1,0,1,2,3,4,5,6,7,8,0,0,0,0,0,0,0,0,0,1,,,
/server/regressdb/tss_lp54_WW38_LP5_CFG3_REDUCED_REGR__20220926_080836__andrei__CONFIG@r8761_VERIF@r8824_PHYTOP@r7186_SOFTIP@r7646_HARDIP@r7419_CSRINIT@r7284_FW@r7148/chain_0/Jira_tests/Jira/Jira1415_1to4_Low_Freq/run_16/local_log.log,3,424,5,16,0,0,18520,4,1,3,2,0,0,0,1,1,1,0,0,0,0,0,1,2,3,3,5,0,0,2,1,1,1,0,0,0,0,0,0,248,89,4,0,0,1,2,0,0,0,16,0,0,650,15,15,3,0,8,1,4,0,1,0,1,2,3,0,1,2,3,4,5,6,0,0,0,1,2,3,4,5,6,7,8,0,0,1,0,1,2,3,4,5,6,7,8,0,0,0,0,0,0,0,0,0,1,,,
/server/regressdb/tss_lp54_WW38_LP5_CFG3_REDUCED_REGR__20220926_080836__andrei__CONFIG@r8761_VERIF@r8824_PHYTOP@r7186_SOFTIP@r7646_HARDIP@r7419_CSRINIT@r7284_FW@r7148/chain_0/dft_tests/dft/cfg_ch_1_dft_cdn_vip/run_12/local_log.log,3,6400,5,16,0,0,1250,4,1,18,9,11,11,11,0,1,1,1,0,4,8,2,4,2,7,13,5,0,0,0,1,1,1,0,1,0,0,0,0,178,136,4,0,2,4,2,0,0,0,16,0,0,485,15,15,3,0,8,1,4,0,1,0,1,2,3,0,1,2,3,4,5,6,0,0,0,1,2,3,4,5,6,7,8,0,0,1,0,1,2,3,4,5,6,7,8,0,0,0,0,2,0,0,0,0,1,,,
/server/regressdb/tss_lp54_WW38_LP5_CFG3_REDUCED_REGR__20220926_080836__andrei__CONFIG@r8761_VERIF@r8824_PHYTOP@r7186_SOFTIP@r7646_HARDIP@r7419_CSRINIT@r7284_FW@r7148/chain_0/dft_tests/dft/cfg_ch_1_dft_cdn_vip/run_12/local_log.log,3,6400,5,16,0,0,1250,4,1,18,9,11,11,11,0,1,1,1,0,4,8,2,4,2,7,13,5,0,0,0,1,1,1,0,1,0,0,0,0,231,65,4,0,1,4,2,0,0,0,16,0,0,879,15,15,3,0,8,1,4,0,1,0,1,2,3,0,1,2,3,4,5,6,0,0,0,1,2,3,4,5,6,7,8,0,0,1,0,1,2,3,4,5,6,7,8,0,0,0,0,2,0,0,0,0,1,,,
