,Path,Baud_Rate,MajorSystemMode,MajorMode,dfi2ckratio,SimMode_iDisableDebugPrint,dfiperiod,wck2ckratio,latencyMode,EffectiveRL,EffectiveWL,csr_WL,csr_nWR,csr_RL,csr_WLS,csr_DbiWr,csr_DbiRd,csr_DMD,tWDQS_on,tWDQS_off,csr_BL,csr_PDDS,csr_RPST,csr_DQSIntervalTimerRunTime,csr_DQODT,csr_CAODT,csr_CSODT,MinorMode_iActiveRanks,MinorMode_iRetrainMode,MinorMode_iWdqsDriveMode,MinorMode_iPLLCalMode,PLL_DisableHwCal,PLL_NumCalClkCycles,MinorMode_iDLLCalibrationMode,DLL_EnablePeriodicCal,DLL_Period,DLL_OverSampleRate,DLL_CodeChangeDelay,DLL_CommandWait,DLL_DcdlStart,DLL_DcdlStep,DLL_EnableUpdateLimit,DLL_UpdateLimit,MinorMode_iDFTProgram,MinorMode_iBumpReMap_En,BumpReMapCS_0,BumpReMapCS_1,BumpReMapCS_2,BumpReMapCS_3,BumpReMapCA_0,BumpReMapCA_1,BumpReMapCA_2,BumpReMapCA_3,BumpReMapCA_4,BumpReMapCA_5,BumpReMapCK,BumpReMapDBYTE_0,BumpReMapDQ0_0,BumpReMapDQ0_1,BumpReMapDQ0_2,BumpReMapDQ0_3,BumpReMapDQ0_4,BumpReMapDQ0_5,BumpReMapDQ0_6,BumpReMapDQ0_7,BumpReMapDMI_0,BumpReMapDQS_0,BumpReMapWCK_0,BumpReMapDBYTE_1,BumpReMapDQ1_0,BumpReMapDQ1_1,BumpReMapDQ1_2,BumpReMapDQ1_3,BumpReMapDQ1_4,BumpReMapDQ1_5,BumpReMapDQ1_6,BumpReMapDQ1_7,BumpReMapDMI_1,BumpReMapDQS_1,BumpReMapWCK_1,MinorMode_iClkEnMode,MinorMode_iRxTCTrain,MinorMode_iRetrainGateMode,MinorMode_iCSTEn,MinorMode_iRxEnhancedTrainMode,MinorMode_iPhyMstr_DRAM_Mode,MinorMode_iRxReadGateScheme,MinorMode_iDMITrainMode,MinorMode_iClkGatingMode,MinorMode_iCalibrationMode,MinorMode_iSARLogicMode,MinorMode_iProductionTestMode,MinorMode_iFWModeDebug,MinorMode_iTxDQVrefTrain,MinorMode_iRxDQVrefTrain,MinorMode_iCBTVrefTrain
544,/server/regressdb/tss_lp54_WW37_LP4_CFG8_test_REGR__20220913_045412__andrei__CONFIG@r8699_VERIF@r8780_PHYTOP@r7165_SOFTIP@r7611_HARDIP@r7391_CSRINIT@r7265_FW@r7127/chain_0/phystate_tests/phystate/cfg_ch_1_x16_1to4_phystate_cdn_vip/run_159/local_log.log,3154,4,16,0,0,2536,1,1,32,26,5,5,5,1,1,1,0,18,42,2,6,1,76,4,6.0,0.0,1,2,0,0,0,16,6,0,875,15,15,3,0,8,1,4,0,1,6,7,8,9,0,1,2,3,4,5,0,0,0,1,2,3,4,5,6,7,8,0,0.0,1,0,1,2,3,4,5,6,7,8,0,0.0,0,0,2,0,0,0,0,1.0,3.0,1.0,,,,,,
545,/server/regressdb/tss_lp54_WW37_LP4_CFG8_test_REGR__20220913_045412__andrei__CONFIG@r8699_VERIF@r8780_PHYTOP@r7165_SOFTIP@r7611_HARDIP@r7391_CSRINIT@r7265_FW@r7127/chain_0/phystate_tests/phystate/cfg_ch_1_x16_1to4_phystate_cdn_vip/run_159/local_log.log,2196,4,16,0,0,3640,1,1,28,22,4,4,4,1,0,1,0,14,37,2,6,1,148,6,0.0,1.0,1,2,0,0,0,16,0,0,517,15,15,3,0,8,1,4,0,1,6,7,8,9,0,1,2,3,4,5,0,0,0,1,2,3,4,5,6,7,8,0,0.0,1,0,1,2,3,4,5,6,7,8,0,0.0,0,0,2,0,0,0,0,1.0,3.0,1.0,,,,,,
546,/server/regressdb/tss_lp54_WW37_LP4_CFG8_test_REGR__20220913_045412__andrei__CONFIG@r8699_VERIF@r8780_PHYTOP@r7165_SOFTIP@r7611_HARDIP@r7391_CSRINIT@r7265_FW@r7127/chain_0/phystate_tests/phystate/cfg_ch_1_x16_1to4_phystate_cdn_vip/run_222/local_log.log,3786,4,16,0,0,2112,1,1,40,18,7,7,7,0,1,1,0,8,36,2,6,1,159,4,0.0,1.0,2,2,0,0,0,16,6,0,115,15,15,3,0,8,1,4,0,1,6,7,8,9,0,1,2,3,4,5,0,0,0,1,2,3,4,5,6,7,8,0,0.0,1,0,1,2,3,4,5,6,7,8,0,0.0,0,0,2,0,0,0,0,1.0,3.0,1.0,,,,,,
547,/server/regressdb/tss_lp54_WW37_LP4_CFG8_test_REGR__20220913_045412__andrei__CONFIG@r8699_VERIF@r8780_PHYTOP@r7165_SOFTIP@r7611_HARDIP@r7391_CSRINIT@r7265_FW@r7127/chain_0/phystate_tests/phystate/cfg_ch_1_x16_1to4_phystate_cdn_vip/run_222/local_log.log,3114,4,16,0,0,2568,1,1,32,14,5,5,5,0,1,1,0,6,30,2,6,1,93,4,0.0,0.0,2,2,0,0,0,16,0,0,201,15,15,3,0,8,1,4,0,1,6,7,8,9,0,1,2,3,4,5,0,0,0,1,2,3,4,5,6,7,8,0,0.0,1,0,1,2,3,4,5,6,7,8,0,0.0,0,0,2,0,0,0,0,1.0,3.0,1.0,,,,,,
548,/server/regressdb/tss_lp54_WW37_LP4_CFG8_test_REGR__20220913_045412__andrei__CONFIG@r8699_VERIF@r8780_PHYTOP@r7165_SOFTIP@r7611_HARDIP@r7391_CSRINIT@r7265_FW@r7127/chain_0/phystate_tests/phystate/cfg_ch_1_x16_1to4_phystate_cdn_vip/run_157/local_log.log,2576,4,16,0,0,3104,1,1,24,12,4,4,4,0,1,0,1,4,27,2,6,1,122,6,6.0,0.0,2,2,0,0,0,16,6,0,979,15,15,3,0,8,1,4,0,1,6,7,8,9,0,1,2,3,4,5,0,0,0,1,2,3,4,5,6,7,8,0,0.0,1,0,1,2,3,4,5,6,7,8,0,0.0,0,0,2,0,0,0,0,1.0,3.0,1.0,,,,,,
549,/server/regressdb/tss_lp54_WW37_LP4_CFG8_test_REGR__20220913_045412__andrei__CONFIG@r8699_VERIF@r8780_PHYTOP@r7165_SOFTIP@r7611_HARDIP@r7391_CSRINIT@r7265_FW@r7127/chain_0/phystate_tests/phystate/cfg_ch_1_x16_1to4_phystate_cdn_vip/run_157/local_log.log,3920,4,16,0,0,2040,1,1,40,34,7,7,7,1,1,1,0,24,52,2,6,1,160,6,4.0,0.0,2,2,0,0,0,16,0,0,671,15,15,3,0,8,1,4,0,1,6,7,8,9,0,1,2,3,4,5,0,0,0,1,2,3,4,5,6,7,8,0,0.0,1,0,1,2,3,4,5,6,7,8,0,0.0,0,0,2,0,0,0,0,1.0,3.0,1.0,,,,,,
550,/server/regressdb/tss_lp54_WW37_LP4_CFG8_test_REGR__20220913_045412__andrei__CONFIG@r8699_VERIF@r8780_PHYTOP@r7165_SOFTIP@r7611_HARDIP@r7391_CSRINIT@r7265_FW@r7127/chain_0/phystate_tests/phystate/cfg_ch_1_x16_1to4_phystate_cdn_vip/run_157/local_log.log,2576,4,16,0,0,3104,1,1,24,12,4,4,4,0,1,0,1,4,27,2,6,1,122,6,6.0,0.0,2,2,0,0,0,16,0,0,979,15,15,3,0,8,1,4,0,1,6,7,8,9,0,1,2,3,4,5,0,0,0,1,2,3,4,5,6,7,8,0,0.0,1,0,1,2,3,4,5,6,7,8,0,0.0,0,0,2,0,0,0,0,1.0,3.0,1.0,,,,,,
551,/server/regressdb/tss_lp54_WW37_LP4_CFG8_test_REGR__20220913_045412__andrei__CONFIG@r8699_VERIF@r8780_PHYTOP@r7165_SOFTIP@r7611_HARDIP@r7391_CSRINIT@r7265_FW@r7127/chain_0/phystate_tests/phystate/cfg_ch_1_x16_1to4_phystate_cdn_vip/run_130/local_log.log,2600,4,16,0,0,3076,1,1,24,22,4,4,4,1,0,0,0,14,37,2,6,1,154,4,6.0,1.0,2,2,0,0,0,16,6,0,914,15,15,3,0,8,1,4,0,1,6,7,8,9,0,1,2,3,4,5,0,0,0,1,2,3,4,5,6,7,8,0,0.0,1,0,1,2,3,4,5,6,7,8,0,0.0,0,0,1,0,0,0,0,1.0,3.0,1.0,,,,,,
552,/server/regressdb/tss_lp54_WW37_LP4_CFG8_test_REGR__20220913_045412__andrei__CONFIG@r8699_VERIF@r8780_PHYTOP@r7165_SOFTIP@r7611_HARDIP@r7391_CSRINIT@r7265_FW@r7127/chain_0/phystate_tests/phystate/cfg_ch_1_x16_1to4_phystate_cdn_vip/run_130/local_log.log,1292,4,16,0,0,6184,1,1,14,12,2,2,2,1,0,0,1,6,25,2,6,1,177,4,6.0,1.0,2,2,0,0,0,16,0,0,601,15,15,3,0,8,1,4,0,1,6,7,8,9,0,1,2,3,4,5,0,0,0,1,2,3,4,5,6,7,8,0,0.0,1,0,1,2,3,4,5,6,7,8,0,0.0,0,0,1,0,0,0,0,1.0,3.0,1.0,,,,,,
553,/server/regressdb/tss_lp54_WW37_LP4_CFG8_test_REGR__20220913_045412__andrei__CONFIG@r8699_VERIF@r8780_PHYTOP@r7165_SOFTIP@r7611_HARDIP@r7391_CSRINIT@r7265_FW@r7127/chain_0/phystate_tests/phystate/cfg_ch_1_x16_1to4_phystate_cdn_vip/run_105/local_log.log,1212,4,16,0,0,6592,1,1,14,12,2,2,2,1,0,0,0,6,25,2,6,1,103,4,6.0,0.0,1,2,0,0,0,16,6,0,262,15,15,3,0,8,1,4,0,1,6,7,8,9,0,1,2,3,4,5,0,0,0,1,2,3,4,5,6,7,8,0,0.0,1,0,1,2,3,4,5,6,7,8,0,0.0,0,0,2,0,0,0,0,1.0,3.0,1.0,,,,,,
554,/server/regressdb/tss_lp54_WW37_LP4_CFG8_test_REGR__20220913_045412__andrei__CONFIG@r8699_VERIF@r8780_PHYTOP@r7165_SOFTIP@r7611_HARDIP@r7391_CSRINIT@r7265_FW@r7127/chain_0/phystate_tests/phystate/cfg_ch_1_x16_1to4_phystate_cdn_vip/run_105/local_log.log,2024,4,16,0,0,3952,1,1,22,18,3,3,3,1,1,1,1,12,32,2,6,1,138,6,4.0,2.0,1,2,0,0,0,16,0,0,949,15,15,3,0,8,1,4,0,1,6,7,8,9,0,1,2,3,4,5,0,0,0,1,2,3,4,5,6,7,8,0,0.0,1,0,1,2,3,4,5,6,7,8,0,0.0,0,0,2,0,0,0,0,1.0,3.0,1.0,,,,,,
555,/server/regressdb/tss_lp54_WW37_LP4_CFG8_test_REGR__20220913_045412__andrei__CONFIG@r8699_VERIF@r8780_PHYTOP@r7165_SOFTIP@r7611_HARDIP@r7391_CSRINIT@r7265_FW@r7127/chain_0/phystate_tests/phystate/cfg_ch_1_x16_1to4_phystate_cdn_vip/run_149/local_log.log,3538,4,16,0,0,2260,1,1,36,30,6,6,6,1,1,1,1,20,47,2,6,1,212,4,0.0,2.0,4,2,0,0,0,16,6,0,547,15,15,3,0,8,1,4,0,1,6,7,8,9,0,1,2,3,4,5,0,0,0,1,2,3,4,5,6,7,8,0,0.0,1,0,1,2,3,4,5,6,7,8,0,0.0,0,0,0,0,0,0,0,1.0,3.0,1.0,,,,,,
556,/server/regressdb/tss_lp54_WW37_LP4_CFG8_test_REGR__20220913_045412__andrei__CONFIG@r8699_VERIF@r8780_PHYTOP@r7165_SOFTIP@r7611_HARDIP@r7391_CSRINIT@r7265_FW@r7127/chain_0/phystate_tests/phystate/cfg_ch_1_x16_1to4_phystate_cdn_vip/run_149/local_log.log,2530,4,16,0,0,3160,1,1,24,22,4,4,4,1,1,0,1,14,37,2,6,1,102,4,0.0,2.0,4,2,0,0,0,16,0,0,215,15,15,3,0,8,1,4,0,1,6,7,8,9,0,1,2,3,4,5,0,0,0,1,2,3,4,5,6,7,8,0,0.0,1,0,1,2,3,4,5,6,7,8,0,0.0,0,0,0,0,0,0,0,1.0,3.0,1.0,,,,,,
557,/server/regressdb/tss_lp54_WW37_LP4_CFG8_test_REGR__20220913_045412__andrei__CONFIG@r8699_VERIF@r8780_PHYTOP@r7165_SOFTIP@r7611_HARDIP@r7391_CSRINIT@r7265_FW@r7127/chain_0/phystate_tests/phystate/cfg_ch_1_x16_1to4_phystate_cdn_vip/run_190/local_log.log,3570,4,16,0,0,2240,1,1,36,30,6,6,6,1,0,1,1,20,47,2,6,1,68,6,4.0,1.0,1,2,0,0,0,16,6,0,983,15,15,3,0,8,1,4,0,1,6,7,8,9,0,1,2,3,4,5,0,0,0,1,2,3,4,5,6,7,8,0,0.0,1,0,1,2,3,4,5,6,7,8,0,0.0,0,0,2,0,0,0,0,1.0,3.0,1.0,,,,,,
558,/server/regressdb/tss_lp54_WW37_LP4_CFG8_test_REGR__20220913_045412__andrei__CONFIG@r8699_VERIF@r8780_PHYTOP@r7165_SOFTIP@r7611_HARDIP@r7391_CSRINIT@r7265_FW@r7127/chain_0/phystate_tests/phystate/cfg_ch_1_x16_1to4_phystate_cdn_vip/run_190/local_log.log,3976,4,16,0,0,2012,1,1,36,18,7,7,7,0,1,0,1,8,36,2,6,1,4,4,0.0,0.0,1,2,0,0,0,16,0,0,788,15,15,3,0,8,1,4,0,1,6,7,8,9,0,1,2,3,4,5,0,0,0,1,2,3,4,5,6,7,8,0,0.0,1,0,1,2,3,4,5,6,7,8,0,0.0,0,0,2,0,0,0,0,1.0,3.0,1.0,,,,,,
559,/server/regressdb/tss_lp54_WW37_LP4_CFG8_test_REGR__20220913_045412__andrei__CONFIG@r8699_VERIF@r8780_PHYTOP@r7165_SOFTIP@r7611_HARDIP@r7391_CSRINIT@r7265_FW@r7127/chain_0/phystate_tests/phystate/cfg_ch_1_x16_1to4_phystate_cdn_vip/run_78/local_log.log,4200,4,16,0,0,1904,1,1,36,18,7,7,7,0,0,0,1,8,36,2,6,1,103,6,4.0,2.0,1,2,0,0,0,16,6,0,534,15,15,3,0,8,1,4,0,1,6,7,8,9,0,1,2,3,4,5,0,0,0,1,2,3,4,5,6,7,8,0,0.0,1,0,1,2,3,4,5,6,7,8,0,0.0,0,0,0,0,0,0,0,1.0,3.0,1.0,,,,,,
560,/server/regressdb/tss_lp54_WW37_LP4_CFG8_test_REGR__20220913_045412__andrei__CONFIG@r8699_VERIF@r8780_PHYTOP@r7165_SOFTIP@r7611_HARDIP@r7391_CSRINIT@r7265_FW@r7127/chain_0/phystate_tests/phystate/cfg_ch_1_x16_1to4_phystate_cdn_vip/run_78/local_log.log,4072,4,16,0,0,1964,1,1,36,34,7,7,7,1,0,0,1,24,52,2,6,1,214,6,0.0,2.0,1,2,0,0,0,16,0,0,601,15,15,3,0,8,1,4,0,1,6,7,8,9,0,1,2,3,4,5,0,0,0,1,2,3,4,5,6,7,8,0,0.0,1,0,1,2,3,4,5,6,7,8,0,0.0,0,0,0,0,0,0,0,1.0,3.0,1.0,,,,,,
561,/server/regressdb/tss_lp54_WW37_LP4_CFG8_test_REGR__20220913_045412__andrei__CONFIG@r8699_VERIF@r8780_PHYTOP@r7165_SOFTIP@r7611_HARDIP@r7391_CSRINIT@r7265_FW@r7127/chain_0/phystate_tests/phystate/cfg_ch_1_x16_1to4_phystate_cdn_vip/run_153/local_log.log,1512,4,16,0,0,5288,1,1,14,8,2,2,2,0,1,0,0,0,21,2,6,1,135,0,6.0,0.0,1,2,0,0,0,16,6,0,186,15,15,3,0,8,1,4,0,1,6,7,8,9,0,1,2,3,4,5,0,0,0,1,2,3,4,5,6,7,8,0,0.0,1,0,1,2,3,4,5,6,7,8,0,0.0,0,0,2,0,0,0,0,1.0,3.0,1.0,,,,,,
562,/server/regressdb/tss_lp54_WW37_LP4_CFG8_test_REGR__20220913_045412__andrei__CONFIG@r8699_VERIF@r8780_PHYTOP@r7165_SOFTIP@r7611_HARDIP@r7391_CSRINIT@r7265_FW@r7127/chain_0/phystate_tests/phystate/cfg_ch_1_x16_1to4_phystate_cdn_vip/run_153/local_log.log,2550,4,16,0,0,3136,1,1,28,22,4,4,4,1,0,1,0,14,37,2,6,1,82,6,0.0,1.0,1,2,0,0,0,16,0,0,393,15,15,3,0,8,1,4,0,1,6,7,8,9,0,1,2,3,4,5,0,0,0,1,2,3,4,5,6,7,8,0,0.0,1,0,1,2,3,4,5,6,7,8,0,0.0,0,0,2,0,0,0,0,1.0,3.0,1.0,,,,,,
563,/server/regressdb/tss_lp54_WW37_LP4_CFG8_test_REGR__20220913_045412__andrei__CONFIG@r8699_VERIF@r8780_PHYTOP@r7165_SOFTIP@r7611_HARDIP@r7391_CSRINIT@r7265_FW@r7127/chain_0/phystate_tests/phystate/cfg_ch_1_x16_1to4_phystate_cdn_vip/run_163/local_log.log,3758,4,16,0,0,2128,1,1,36,34,7,7,7,1,1,0,0,24,52,2,6,1,147,4,0.0,1.0,1,2,0,0,0,16,6,0,279,15,15,3,0,8,1,4,0,1,6,7,8,9,0,1,2,3,4,5,0,0,0,1,2,3,4,5,6,7,8,0,0.0,1,0,1,2,3,4,5,6,7,8,0,0.0,0,0,0,0,0,0,0,1.0,3.0,1.0,,,,,,
564,/server/regressdb/tss_lp54_WW37_LP4_CFG8_test_REGR__20220913_045412__andrei__CONFIG@r8699_VERIF@r8780_PHYTOP@r7165_SOFTIP@r7611_HARDIP@r7391_CSRINIT@r7265_FW@r7127/chain_0/phystate_tests/phystate/cfg_ch_1_x16_1to4_phystate_cdn_vip/run_163/local_log.log,2346,4,16,0,0,3408,1,1,24,12,4,4,4,0,0,0,0,4,27,2,6,1,211,6,4.0,2.0,1,2,0,0,0,16,0,0,843,15,15,3,0,8,1,4,0,1,6,7,8,9,0,1,2,3,4,5,0,0,0,1,2,3,4,5,6,7,8,0,0.0,1,0,1,2,3,4,5,6,7,8,0,0.0,0,0,0,0,0,0,0,1.0,3.0,1.0,,,,,,
565,/server/regressdb/tss_lp54_WW37_LP4_CFG8_test_REGR__20220913_045412__andrei__CONFIG@r8699_VERIF@r8780_PHYTOP@r7165_SOFTIP@r7611_HARDIP@r7391_CSRINIT@r7265_FW@r7127/chain_0/phystate_tests/phystate/cfg_ch_1_x16_1to4_phystate_cdn_vip/run_45/local_log.log,2606,4,16,0,0,3068,1,1,28,12,4,4,4,0,1,1,1,4,27,2,6,1,72,6,6.0,2.0,1,2,0,0,0,16,6,0,560,15,15,3,0,8,1,4,0,1,6,7,8,9,0,1,2,3,4,5,0,0,0,1,2,3,4,5,6,7,8,0,0.0,1,0,1,2,3,4,5,6,7,8,0,0.0,0,0,2,0,0,0,0,1.0,3.0,1.0,,,,,,
566,/server/regressdb/tss_lp54_WW37_LP4_CFG8_test_REGR__20220913_045412__andrei__CONFIG@r8699_VERIF@r8780_PHYTOP@r7165_SOFTIP@r7611_HARDIP@r7391_CSRINIT@r7265_FW@r7127/chain_0/phystate_tests/phystate/cfg_ch_1_x16_1to4_phystate_cdn_vip/run_45/local_log.log,3240,4,16,0,0,2468,1,1,32,30,6,6,6,1,1,0,1,20,47,2,6,1,33,4,6.0,1.0,1,2,0,0,0,16,0,0,579,15,15,3,0,8,1,4,0,1,6,7,8,9,0,1,2,3,4,5,0,0,0,1,2,3,4,5,6,7,8,0,0.0,1,0,1,2,3,4,5,6,7,8,0,0.0,0,0,2,0,0,0,0,1.0,3.0,1.0,,,,,,
567,/server/regressdb/tss_lp54_WW37_LP4_CFG8_test_REGR__20220913_045412__andrei__CONFIG@r8699_VERIF@r8780_PHYTOP@r7165_SOFTIP@r7611_HARDIP@r7391_CSRINIT@r7265_FW@r7127/chain_0/phystate_tests/phystate/cfg_ch_1_x16_1to4_phystate_cdn_vip/run_110/local_log.log,3868,4,16,0,0,2068,1,1,40,34,7,7,7,1,0,1,1,24,52,2,6,1,4,6,6.0,0.0,4,2,0,0,0,16,6,0,639,15,15,3,0,8,1,4,0,1,6,7,8,9,0,1,2,3,4,5,0,0,0,1,2,3,4,5,6,7,8,0,0.0,1,0,1,2,3,4,5,6,7,8,0,0.0,0,0,0,0,0,0,0,1.0,3.0,1.0,,,,,,
568,/server/regressdb/tss_lp54_WW37_LP4_CFG8_test_REGR__20220913_045412__andrei__CONFIG@r8699_VERIF@r8780_PHYTOP@r7165_SOFTIP@r7611_HARDIP@r7391_CSRINIT@r7265_FW@r7127/chain_0/phystate_tests/phystate/cfg_ch_1_x16_1to4_phystate_cdn_vip/run_110/local_log.log,3558,4,16,0,0,2248,1,1,32,16,6,6,6,0,0,0,1,6,33,2,6,1,39,4,0.0,0.0,4,2,0,0,0,16,0,0,472,15,15,3,0,8,1,4,0,1,6,7,8,9,0,1,2,3,4,5,0,0,0,1,2,3,4,5,6,7,8,0,0.0,1,0,1,2,3,4,5,6,7,8,0,0.0,0,0,0,0,0,0,0,1.0,3.0,1.0,,,,,,
569,/server/regressdb/tss_lp54_WW37_LP4_CFG8_test_REGR__20220913_045412__andrei__CONFIG@r8699_VERIF@r8780_PHYTOP@r7165_SOFTIP@r7611_HARDIP@r7391_CSRINIT@r7265_FW@r7127/chain_0/phystate_tests/phystate/cfg_ch_1_x16_1to4_phystate_cdn_vip/run_147/local_log.log,4210,4,16,0,0,1900,1,1,36,18,7,7,7,0,0,0,0,8,36,2,6,1,34,6,0.0,2.0,2,2,0,0,0,16,6,0,418,15,15,3,0,8,1,4,0,1,6,7,8,9,0,1,2,3,4,5,0,0,0,1,2,3,4,5,6,7,8,0,0.0,1,0,1,2,3,4,5,6,7,8,0,0.0,0,0,0,0,0,0,0,1.0,3.0,1.0,,,,,,
570,/server/regressdb/tss_lp54_WW37_LP4_CFG8_test_REGR__20220913_045412__andrei__CONFIG@r8699_VERIF@r8780_PHYTOP@r7165_SOFTIP@r7611_HARDIP@r7391_CSRINIT@r7265_FW@r7127/chain_0/phystate_tests/phystate/cfg_ch_1_x16_1to4_phystate_cdn_vip/run_147/local_log.log,1426,4,16,0,0,5604,1,1,14,12,2,2,2,1,0,0,0,6,25,2,6,1,121,6,0.0,0.0,2,2,0,0,0,16,0,0,377,15,15,3,0,8,1,4,0,1,6,7,8,9,0,1,2,3,4,5,0,0,0,1,2,3,4,5,6,7,8,0,0.0,1,0,1,2,3,4,5,6,7,8,0,0.0,0,0,0,0,0,0,0,1.0,3.0,1.0,,,,,,
571,/server/regressdb/tss_lp54_WW37_LP4_CFG8_test_REGR__20220913_045412__andrei__CONFIG@r8699_VERIF@r8780_PHYTOP@r7165_SOFTIP@r7611_HARDIP@r7391_CSRINIT@r7265_FW@r7127/chain_0/phystate_tests/phystate/cfg_ch_1_x16_1to4_phystate_cdn_vip/run_171/local_log.log,3490,4,16,0,0,2292,1,1,32,16,6,6,6,0,1,0,1,6,33,2,6,1,236,4,0.0,0.0,2,2,0,0,0,16,6,0,809,15,15,3,0,8,1,4,0,1,6,7,8,9,0,1,2,3,4,5,0,0,0,1,2,3,4,5,6,7,8,0,0.0,1,0,1,2,3,4,5,6,7,8,0,0.0,0,0,2,0,0,0,0,1.0,3.0,1.0,1.0,,,,,
572,/server/regressdb/tss_lp54_WW37_LP4_CFG8_test_REGR__20220913_045412__andrei__CONFIG@r8699_VERIF@r8780_PHYTOP@r7165_SOFTIP@r7611_HARDIP@r7391_CSRINIT@r7265_FW@r7127/chain_0/phystate_tests/phystate/cfg_ch_1_x16_1to4_phystate_cdn_vip/run_171/local_log.log,1702,4,16,0,0,4696,1,1,22,10,3,3,3,0,1,1,1,4,24,2,6,1,144,4,6.0,0.0,2,2,0,0,0,16,0,0,950,15,15,3,0,8,1,4,0,1,6,7,8,9,0,1,2,3,4,5,0,0,0,1,2,3,4,5,6,7,8,0,0.0,1,0,1,2,3,4,5,6,7,8,0,0.0,0,0,2,0,0,0,0,1.0,3.0,1.0,1.0,,,,,
573,/server/regressdb/tss_lp54_WW37_LP4_CFG8_test_REGR__20220913_045412__andrei__CONFIG@r8699_VERIF@r8780_PHYTOP@r7165_SOFTIP@r7611_HARDIP@r7391_CSRINIT@r7265_FW@r7127/chain_0/phystate_tests/phystate/cfg_ch_1_x16_1to4_phystate_cdn_vip/run_169/local_log.log,2860,4,16,0,0,2796,1,1,28,26,5,5,5,1,1,0,1,18,42,2,6,1,222,6,6.0,2.0,4,2,0,0,0,16,6,0,302,15,15,3,0,8,1,4,0,1,6,7,8,9,0,1,2,3,4,5,0,0,0,1,2,3,4,5,6,7,8,0,0.0,1,0,1,2,3,4,5,6,7,8,0,0.0,0,0,0,0,0,0,0,1.0,3.0,1.0,1.0,,,,,
574,/server/regressdb/tss_lp54_WW37_LP4_CFG8_test_REGR__20220913_045412__andrei__CONFIG@r8699_VERIF@r8780_PHYTOP@r7165_SOFTIP@r7611_HARDIP@r7391_CSRINIT@r7265_FW@r7127/chain_0/phystate_tests/phystate/cfg_ch_1_x16_1to4_phystate_cdn_vip/run_169/local_log.log,1620,4,16,0,0,4936,1,1,22,18,3,3,3,1,1,1,0,12,32,2,6,1,109,6,4.0,2.0,4,2,0,0,0,16,0,0,220,15,15,3,0,8,1,4,0,1,6,7,8,9,0,1,2,3,4,5,0,0,0,1,2,3,4,5,6,7,8,0,0.0,1,0,1,2,3,4,5,6,7,8,0,0.0,0,0,0,0,0,0,0,1.0,3.0,1.0,1.0,,,,,
575,/server/regressdb/tss_lp54_WW37_LP4_CFG8_test_REGR__20220913_045412__andrei__CONFIG@r8699_VERIF@r8780_PHYTOP@r7165_SOFTIP@r7611_HARDIP@r7391_CSRINIT@r7265_FW@r7127/chain_0/phystate_tests/phystate/cfg_ch_1_x16_1to4_phystate_cdn_vip/run_224/local_log.log,2540,4,16,0,0,3148,1,1,24,22,4,4,4,1,0,0,0,14,37,2,6,1,155,6,6.0,0.0,2,2,0,0,0,16,6,0,242,15,15,3,0,8,1,4,0,1,6,7,8,9,0,1,2,3,4,5,0,0,0,1,2,3,4,5,6,7,8,0,0.0,1,0,1,2,3,4,5,6,7,8,0,0.0,0,0,1,0,0,0,0,1.0,3.0,1.0,,,,,,
576,/server/regressdb/tss_lp54_WW37_LP4_CFG8_test_REGR__20220913_045412__andrei__CONFIG@r8699_VERIF@r8780_PHYTOP@r7165_SOFTIP@r7611_HARDIP@r7391_CSRINIT@r7265_FW@r7127/chain_0/phystate_tests/phystate/cfg_ch_1_x16_1to4_phystate_cdn_vip/run_224/local_log.log,3418,4,16,0,0,2340,1,1,32,30,6,6,6,1,1,0,0,20,47,2,6,1,197,4,0.0,2.0,2,2,0,0,0,16,0,0,577,15,15,3,0,8,1,4,0,1,6,7,8,9,0,1,2,3,4,5,0,0,0,1,2,3,4,5,6,7,8,0,0.0,1,0,1,2,3,4,5,6,7,8,0,0.0,0,0,1,0,0,0,0,1.0,3.0,1.0,,,,,,
577,/server/regressdb/tss_lp54_WW37_LP4_CFG8_test_REGR__20220913_045412__andrei__CONFIG@r8699_VERIF@r8780_PHYTOP@r7165_SOFTIP@r7611_HARDIP@r7391_CSRINIT@r7265_FW@r7127/chain_0/phystate_tests/phystate/cfg_ch_1_x16_1to4_phystate_cdn_vip/run_140/local_log.log,3992,4,16,0,0,2004,1,1,36,34,7,7,7,1,1,0,0,24,52,2,6,1,15,6,0.0,0.0,1,2,0,0,0,16,6,0,530,15,15,3,0,8,1,4,0,1,6,7,8,9,0,1,2,3,4,5,0,0,0,1,2,3,4,5,6,7,8,0,0.0,1,0,1,2,3,4,5,6,7,8,0,0.0,0,0,2,0,0,0,0,1.0,3.0,1.0,,,,,,
578,/server/regressdb/tss_lp54_WW37_LP4_CFG8_test_REGR__20220913_045412__andrei__CONFIG@r8699_VERIF@r8780_PHYTOP@r7165_SOFTIP@r7611_HARDIP@r7391_CSRINIT@r7265_FW@r7127/chain_0/phystate_tests/phystate/cfg_ch_1_x16_1to4_phystate_cdn_vip/run_140/local_log.log,1104,4,16,0,0,7236,1,1,14,12,2,2,2,1,1,0,1,6,25,2,6,1,125,4,0.0,1.0,1,2,0,0,0,16,0,0,436,15,15,3,0,8,1,4,0,1,6,7,8,9,0,1,2,3,4,5,0,0,0,1,2,3,4,5,6,7,8,0,0.0,1,0,1,2,3,4,5,6,7,8,0,0.0,0,0,2,0,0,0,0,1.0,3.0,1.0,,,,,,
579,/server/regressdb/tss_lp54_WW37_LP4_CFG8_test_REGR__20220913_045412__andrei__CONFIG@r8699_VERIF@r8780_PHYTOP@r7165_SOFTIP@r7611_HARDIP@r7391_CSRINIT@r7265_FW@r7127/chain_0/phystate_tests/phystate/cfg_ch_1_x16_1to4_phystate_cdn_vip/run_95/local_log.log,1874,4,16,0,0,4268,1,1,20,18,3,3,3,1,0,0,0,12,32,2,6,1,197,4,6.0,2.0,2,2,0,0,0,16,6,0,353,15,15,3,0,8,1,4,0,1,6,7,8,9,0,1,2,3,4,5,0,0,0,1,2,3,4,5,6,7,8,0,0.0,1,0,1,2,3,4,5,6,7,8,0,0.0,0,0,0,0,0,0,0,1.0,3.0,1.0,,,,,,
580,/server/regressdb/tss_lp54_WW37_LP4_CFG8_test_REGR__20220913_045412__andrei__CONFIG@r8699_VERIF@r8780_PHYTOP@r7165_SOFTIP@r7611_HARDIP@r7391_CSRINIT@r7265_FW@r7127/chain_0/phystate_tests/phystate/cfg_ch_1_x16_1to4_phystate_cdn_vip/run_95/local_log.log,3616,4,16,0,0,2212,1,1,32,30,6,6,6,1,0,0,1,20,47,2,6,1,7,4,6.0,1.0,2,2,0,0,0,16,0,0,672,15,15,3,0,8,1,4,0,1,6,7,8,9,0,1,2,3,4,5,0,0,0,1,2,3,4,5,6,7,8,0,0.0,1,0,1,2,3,4,5,6,7,8,0,0.0,0,0,0,0,0,0,0,1.0,3.0,1.0,,,,,,
581,/server/regressdb/tss_lp54_WW37_LP4_CFG8_test_REGR__20220913_045412__andrei__CONFIG@r8699_VERIF@r8780_PHYTOP@r7165_SOFTIP@r7611_HARDIP@r7391_CSRINIT@r7265_FW@r7127/chain_0/phystate_tests/phystate/cfg_ch_1_x16_1to4_phystate_cdn_vip/run_85/local_log.log,3090,4,16,0,0,2588,1,1,28,14,5,5,5,0,0,0,0,6,30,2,6,1,96,6,0.0,0.0,2,2,0,0,0,16,6,0,797,15,15,3,0,8,1,4,0,1,6,7,8,9,0,1,2,3,4,5,0,0,0,1,2,3,4,5,6,7,8,0,0.0,1,0,1,2,3,4,5,6,7,8,0,0.0,0,0,2,0,0,0,0,1.0,3.0,1.0,,,,,,
582,/server/regressdb/tss_lp54_WW37_LP4_CFG8_test_REGR__20220913_045412__andrei__CONFIG@r8699_VERIF@r8780_PHYTOP@r7165_SOFTIP@r7611_HARDIP@r7391_CSRINIT@r7265_FW@r7127/chain_0/phystate_tests/phystate/cfg_ch_1_x16_1to4_phystate_cdn_vip/run_85/local_log.log,1784,4,16,0,0,4480,1,1,20,18,3,3,3,1,0,0,1,12,32,2,6,1,40,6,6.0,1.0,2,2,0,0,0,16,0,0,496,15,15,3,0,8,1,4,0,1,6,7,8,9,0,1,2,3,4,5,0,0,0,1,2,3,4,5,6,7,8,0,0.0,1,0,1,2,3,4,5,6,7,8,0,0.0,0,0,2,0,0,0,0,1.0,3.0,1.0,,,,,,
583,/server/regressdb/tss_lp54_WW37_LP4_CFG8_test_REGR__20220913_045412__andrei__CONFIG@r8699_VERIF@r8780_PHYTOP@r7165_SOFTIP@r7611_HARDIP@r7391_CSRINIT@r7265_FW@r7127/chain_0/phystate_tests/phystate/cfg_ch_1_x16_1to4_phystate_cdn_vip/run_188/local_log.log,1978,4,16,0,0,4044,1,1,22,10,3,3,3,0,0,1,0,4,24,2,6,1,166,4,0.0,2.0,4,2,0,0,0,16,6,0,934,15,15,3,0,8,1,4,0,1,6,7,8,9,0,1,2,3,4,5,0,0,0,1,2,3,4,5,6,7,8,0,0.0,1,0,1,2,3,4,5,6,7,8,0,0.0,0,0,0,0,0,0,0,1.0,3.0,1.0,,,,,,
584,/server/regressdb/tss_lp54_WW37_LP4_CFG8_test_REGR__20220913_045412__andrei__CONFIG@r8699_VERIF@r8780_PHYTOP@r7165_SOFTIP@r7611_HARDIP@r7391_CSRINIT@r7265_FW@r7127/chain_0/phystate_tests/phystate/cfg_ch_1_x16_1to4_phystate_cdn_vip/run_188/local_log.log,3394,4,16,0,0,2356,1,1,32,30,6,6,6,1,0,0,1,20,47,2,6,1,40,4,6.0,2.0,4,2,0,0,0,16,0,0,778,15,15,3,0,8,1,4,0,1,6,7,8,9,0,1,2,3,4,5,0,0,0,1,2,3,4,5,6,7,8,0,0.0,1,0,1,2,3,4,5,6,7,8,0,0.0,0,0,0,0,0,0,0,1.0,3.0,1.0,,,,,,
585,/server/regressdb/tss_lp54_WW37_LP4_CFG8_test_REGR__20220913_045412__andrei__CONFIG@r8699_VERIF@r8780_PHYTOP@r7165_SOFTIP@r7611_HARDIP@r7391_CSRINIT@r7265_FW@r7127/chain_0/phystate_tests/phystate/cfg_ch_1_x16_1to4_phystate_cdn_vip/run_100/local_log.log,2860,4,16,0,0,2796,1,1,32,14,5,5,5,0,1,1,0,6,30,2,6,1,115,6,4.0,1.0,2,2,0,0,0,16,6,0,670,15,15,3,0,8,1,4,0,1,6,7,8,9,0,1,2,3,4,5,0,0,0,1,2,3,4,5,6,7,8,0,0.0,1,0,1,2,3,4,5,6,7,8,0,0.0,0,0,1,0,0,0,0,1.0,3.0,1.0,,,,,,
586,/server/regressdb/tss_lp54_WW37_LP4_CFG8_test_REGR__20220913_045412__andrei__CONFIG@r8699_VERIF@r8780_PHYTOP@r7165_SOFTIP@r7611_HARDIP@r7391_CSRINIT@r7265_FW@r7127/chain_0/phystate_tests/phystate/cfg_ch_1_x16_1to4_phystate_cdn_vip/run_100/local_log.log,1350,4,16,0,0,5920,1,1,16,12,2,2,2,1,1,1,0,6,25,2,6,1,152,6,6.0,2.0,2,2,0,0,0,16,0,0,923,15,15,3,0,8,1,4,0,1,6,7,8,9,0,1,2,3,4,5,0,0,0,1,2,3,4,5,6,7,8,0,0.0,1,0,1,2,3,4,5,6,7,8,0,0.0,0,0,1,0,0,0,0,1.0,3.0,1.0,,,,,,
587,/server/regressdb/tss_lp54_WW37_LP4_CFG8_test_REGR__20220913_045412__andrei__CONFIG@r8699_VERIF@r8780_PHYTOP@r7165_SOFTIP@r7611_HARDIP@r7391_CSRINIT@r7265_FW@r7127/chain_0/phystate_tests/phystate/cfg_ch_1_x16_1to4_phystate_cdn_vip/run_55/local_log.log,1330,4,16,0,0,6008,1,1,16,12,2,2,2,1,1,1,0,6,25,2,6,1,130,6,0.0,1.0,2,2,0,0,0,16,6,0,326,15,15,3,0,8,1,4,0,1,6,7,8,9,0,1,2,3,4,5,0,0,0,1,2,3,4,5,6,7,8,0,0.0,1,0,1,2,3,4,5,6,7,8,0,0.0,0,0,1,0,0,0,0,1.0,3.0,1.0,,,,,,
588,/server/regressdb/tss_lp54_WW37_LP4_CFG8_test_REGR__20220913_045412__andrei__CONFIG@r8699_VERIF@r8780_PHYTOP@r7165_SOFTIP@r7611_HARDIP@r7391_CSRINIT@r7265_FW@r7127/chain_0/phystate_tests/phystate/cfg_ch_1_x16_1to4_phystate_cdn_vip/run_55/local_log.log,2776,4,16,0,0,2880,1,1,28,26,5,5,5,1,1,0,1,18,42,2,6,1,20,4,4.0,0.0,2,2,0,0,0,16,0,0,298,15,15,3,0,8,1,4,0,1,6,7,8,9,0,1,2,3,4,5,0,0,0,1,2,3,4,5,6,7,8,0,0.0,1,0,1,2,3,4,5,6,7,8,0,0.0,0,0,1,0,0,0,0,1.0,3.0,1.0,,,,,,
589,/server/regressdb/tss_lp54_WW37_LP4_CFG8_test_REGR__20220913_045412__andrei__CONFIG@r8699_VERIF@r8780_PHYTOP@r7165_SOFTIP@r7611_HARDIP@r7391_CSRINIT@r7265_FW@r7127/chain_0/phystate_tests/phystate/cfg_ch_1_x16_1to4_phystate_cdn_vip/run_155/local_log.log,3072,4,16,0,0,2604,1,1,32,14,5,5,5,0,1,1,1,6,30,2,6,1,87,6,4.0,1.0,4,2,0,0,0,16,6,0,198,15,15,3,0,8,1,4,0,1,6,7,8,9,0,1,2,3,4,5,0,0,0,1,2,3,4,5,6,7,8,0,0.0,1,0,1,2,3,4,5,6,7,8,0,0.0,0,0,1,0,0,0,0,1.0,3.0,1.0,,,,,,
590,/server/regressdb/tss_lp54_WW37_LP4_CFG8_test_REGR__20220913_045412__andrei__CONFIG@r8699_VERIF@r8780_PHYTOP@r7165_SOFTIP@r7611_HARDIP@r7391_CSRINIT@r7265_FW@r7127/chain_0/phystate_tests/phystate/cfg_ch_1_x16_1to4_phystate_cdn_vip/run_155/local_log.log,1178,4,16,0,0,6780,1,1,14,12,2,2,2,1,0,0,1,6,25,2,6,1,46,6,6.0,1.0,4,2,0,0,0,16,0,0,807,15,15,3,0,8,1,4,0,1,6,7,8,9,0,1,2,3,4,5,0,0,0,1,2,3,4,5,6,7,8,0,0.0,1,0,1,2,3,4,5,6,7,8,0,0.0,0,0,1,0,0,0,0,1.0,3.0,1.0,,,,,,
591,/server/regressdb/tss_lp54_WW37_LP4_CFG8_test_REGR__20220913_045412__andrei__CONFIG@r8699_VERIF@r8780_PHYTOP@r7165_SOFTIP@r7611_HARDIP@r7391_CSRINIT@r7265_FW@r7127/chain_0/phystate_tests/phystate/cfg_ch_1_x16_1to4_phystate_cdn_vip/run_155/local_log.log,3072,4,16,0,0,2604,1,1,32,14,5,5,5,0,1,1,1,6,30,2,6,1,87,6,4.0,1.0,4,2,0,0,0,16,0,0,198,15,15,3,0,8,1,4,0,1,6,7,8,9,0,1,2,3,4,5,0,0,0,1,2,3,4,5,6,7,8,0,0.0,1,0,1,2,3,4,5,6,7,8,0,0.0,0,0,1,0,0,0,0,1.0,3.0,1.0,,,,,,
592,/server/regressdb/tss_lp54_WW37_LP4_CFG8_test_REGR__20220913_045412__andrei__CONFIG@r8699_VERIF@r8780_PHYTOP@r7165_SOFTIP@r7611_HARDIP@r7391_CSRINIT@r7265_FW@r7127/chain_0/phystate_tests/phystate/cfg_ch_1_x16_1to4_phystate_cdn_vip/run_64/local_log.log,1764,4,16,0,0,4532,1,1,20,18,3,3,3,1,0,0,0,12,32,2,6,1,122,4,4.0,1.0,1,2,0,0,0,16,6,0,525,15,15,3,0,8,1,4,0,1,6,7,8,9,0,1,2,3,4,5,0,0,0,1,2,3,4,5,6,7,8,0,0.0,1,0,1,2,3,4,5,6,7,8,0,0.0,0,0,0,0,0,0,0,1.0,3.0,1.0,,,,,,
593,/server/regressdb/tss_lp54_WW37_LP4_CFG8_test_REGR__20220913_045412__andrei__CONFIG@r8699_VERIF@r8780_PHYTOP@r7165_SOFTIP@r7611_HARDIP@r7391_CSRINIT@r7265_FW@r7127/chain_0/phystate_tests/phystate/cfg_ch_1_x16_1to4_phystate_cdn_vip/run_64/local_log.log,760,4,16,0,0,10500,1,1,12,6,1,1,1,0,0,1,0,0,18,2,6,1,106,0,6.0,1.0,1,2,0,0,0,16,0,0,507,15,15,3,0,8,1,4,0,1,6,7,8,9,0,1,2,3,4,5,0,0,0,1,2,3,4,5,6,7,8,0,0.0,1,0,1,2,3,4,5,6,7,8,0,0.0,0,0,0,0,0,0,0,1.0,3.0,1.0,,,,,,
594,/server/regressdb/tss_lp54_WW37_LP4_CFG8_test_REGR__20220913_045412__andrei__CONFIG@r8699_VERIF@r8780_PHYTOP@r7165_SOFTIP@r7611_HARDIP@r7391_CSRINIT@r7265_FW@r7127/chain_0/phystate_tests/phystate/cfg_ch_1_x16_1to4_phystate_cdn_vip/run_120/local_log.log,4166,4,16,0,0,1920,1,1,36,34,7,7,7,1,1,0,0,24,52,2,6,1,215,4,4.0,1.0,2,2,0,0,0,16,6,0,192,15,15,3,0,8,1,4,0,1,6,7,8,9,0,1,2,3,4,5,0,0,0,1,2,3,4,5,6,7,8,0,0.0,1,0,1,2,3,4,5,6,7,8,0,0.0,0,0,2,0,0,0,0,1.0,3.0,1.0,,,,,,
595,/server/regressdb/tss_lp54_WW37_LP4_CFG8_test_REGR__20220913_045412__andrei__CONFIG@r8699_VERIF@r8780_PHYTOP@r7165_SOFTIP@r7611_HARDIP@r7391_CSRINIT@r7265_FW@r7127/chain_0/phystate_tests/phystate/cfg_ch_1_x16_1to4_phystate_cdn_vip/run_120/local_log.log,2274,4,16,0,0,3516,1,1,24,12,4,4,4,0,1,0,1,4,27,2,6,1,253,4,4.0,2.0,2,2,0,0,0,16,0,0,105,15,15,3,0,8,1,4,0,1,6,7,8,9,0,1,2,3,4,5,0,0,0,1,2,3,4,5,6,7,8,0,0.0,1,0,1,2,3,4,5,6,7,8,0,0.0,0,0,2,0,0,0,0,1.0,3.0,1.0,,,,,,
596,/server/regressdb/tss_lp54_WW37_LP4_CFG8_test_REGR__20220913_045412__andrei__CONFIG@r8699_VERIF@r8780_PHYTOP@r7165_SOFTIP@r7611_HARDIP@r7391_CSRINIT@r7265_FW@r7127/chain_0/phystate_tests/phystate/cfg_ch_1_x16_1to4_phystate_cdn_vip/run_135/local_log.log,1260,4,16,0,0,6340,1,1,16,12,2,2,2,1,0,1,1,6,25,2,6,1,88,6,0.0,0.0,1,2,0,0,0,16,6,0,636,15,15,3,0,8,1,4,0,1,6,7,8,9,0,1,2,3,4,5,0,0,0,1,2,3,4,5,6,7,8,0,0.0,1,0,1,2,3,4,5,6,7,8,0,0.0,0,0,1,0,0,0,0,1.0,3.0,1.0,,,,,,
597,/server/regressdb/tss_lp54_WW37_LP4_CFG8_test_REGR__20220913_045412__andrei__CONFIG@r8699_VERIF@r8780_PHYTOP@r7165_SOFTIP@r7611_HARDIP@r7391_CSRINIT@r7265_FW@r7127/chain_0/phystate_tests/phystate/cfg_ch_1_x16_1to4_phystate_cdn_vip/run_135/local_log.log,768,4,16,0,0,10392,1,1,12,8,1,1,1,1,1,1,0,0,20,2,6,1,252,0,0.0,2.0,1,2,0,0,0,16,0,0,934,15,15,3,0,8,1,4,0,1,6,7,8,9,0,1,2,3,4,5,0,0,0,1,2,3,4,5,6,7,8,0,0.0,1,0,1,2,3,4,5,6,7,8,0,0.0,0,0,1,0,0,0,0,1.0,3.0,1.0,,,,,,
598,/server/regressdb/tss_lp54_WW37_LP4_CFG8_test_REGR__20220913_045412__andrei__CONFIG@r8699_VERIF@r8780_PHYTOP@r7165_SOFTIP@r7611_HARDIP@r7391_CSRINIT@r7265_FW@r7127/chain_0/phystate_tests/phystate/cfg_ch_1_x16_1to4_phystate_cdn_vip/run_151/local_log.log,2406,4,16,0,0,3324,1,1,24,12,4,4,4,0,0,0,0,4,27,2,6,1,190,4,0.0,0.0,4,2,0,0,0,16,6,0,823,15,15,3,0,8,1,4,0,1,6,7,8,9,0,1,2,3,4,5,0,0,0,1,2,3,4,5,6,7,8,0,0.0,1,0,1,2,3,4,5,6,7,8,0,0.0,0,0,1,0,0,0,0,1.0,3.0,1.0,,,,,,
599,/server/regressdb/tss_lp54_WW37_LP4_CFG8_test_REGR__20220913_045412__andrei__CONFIG@r8699_VERIF@r8780_PHYTOP@r7165_SOFTIP@r7611_HARDIP@r7391_CSRINIT@r7265_FW@r7127/chain_0/phystate_tests/phystate/cfg_ch_1_x16_1to4_phystate_cdn_vip/run_151/local_log.log,3766,4,16,0,0,2124,1,1,40,34,7,7,7,1,1,1,1,24,52,2,6,1,175,4,6.0,2.0,4,2,0,0,0,16,0,0,677,15,15,3,0,8,1,4,0,1,6,7,8,9,0,1,2,3,4,5,0,0,0,1,2,3,4,5,6,7,8,0,0.0,1,0,1,2,3,4,5,6,7,8,0,0.0,0,0,1,0,0,0,0,1.0,3.0,1.0,,,,,,
600,/server/regressdb/tss_lp54_WW37_LP4_CFG8_test_REGR__20220913_045412__andrei__CONFIG@r8699_VERIF@r8780_PHYTOP@r7165_SOFTIP@r7611_HARDIP@r7391_CSRINIT@r7265_FW@r7127/chain_0/phystate_tests/phystate/cfg_ch_1_x16_1to4_phystate_cdn_vip/run_13/local_log.log,1926,4,16,0,0,4152,1,1,22,18,3,3,3,1,0,1,1,12,32,2,6,1,208,4,0.0,0.0,2,2,0,0,0,16,6,0,689,15,15,3,0,8,1,4,0,1,6,7,8,9,0,1,2,3,4,5,0,0,0,1,2,3,4,5,6,7,8,0,0.0,1,0,1,2,3,4,5,6,7,8,0,0.0,0,0,2,0,0,0,0,1.0,3.0,1.0,,,,,,
601,/server/regressdb/tss_lp54_WW37_LP4_CFG8_test_REGR__20220913_045412__andrei__CONFIG@r8699_VERIF@r8780_PHYTOP@r7165_SOFTIP@r7611_HARDIP@r7391_CSRINIT@r7265_FW@r7127/chain_0/phystate_tests/phystate/cfg_ch_1_x16_1to4_phystate_cdn_vip/run_13/local_log.log,4056,4,16,0,0,1972,1,1,40,18,7,7,7,0,0,1,0,8,36,2,6,1,209,4,4.0,0.0,2,2,0,0,0,16,0,0,821,15,15,3,0,8,1,4,0,1,6,7,8,9,0,1,2,3,4,5,0,0,0,1,2,3,4,5,6,7,8,0,0.0,1,0,1,2,3,4,5,6,7,8,0,0.0,0,0,2,0,0,0,0,1.0,3.0,1.0,,,,,,
602,/server/regressdb/tss_lp54_WW37_LP4_CFG8_test_REGR__20220913_045412__andrei__CONFIG@r8699_VERIF@r8780_PHYTOP@r7165_SOFTIP@r7611_HARDIP@r7391_CSRINIT@r7265_FW@r7127/chain_0/phystate_tests/phystate/cfg_ch_1_x16_1to4_phystate_cdn_vip/run_167/local_log.log,2994,4,16,0,0,2672,1,1,32,26,5,5,5,1,1,1,0,18,42,2,6,1,174,4,4.0,2.0,1,2,0,0,0,16,6,0,558,15,15,3,0,8,1,4,0,1,6,7,8,9,0,1,2,3,4,5,0,0,0,1,2,3,4,5,6,7,8,0,0.0,1,0,1,2,3,4,5,6,7,8,0,0.0,0,0,1,0,0,0,0,1.0,3.0,1.0,,,,,,
603,/server/regressdb/tss_lp54_WW37_LP4_CFG8_test_REGR__20220913_045412__andrei__CONFIG@r8699_VERIF@r8780_PHYTOP@r7165_SOFTIP@r7611_HARDIP@r7391_CSRINIT@r7265_FW@r7127/chain_0/phystate_tests/phystate/cfg_ch_1_x16_1to4_phystate_cdn_vip/run_167/local_log.log,4122,4,16,0,0,1940,1,1,40,18,7,7,7,0,1,1,0,8,36,2,6,1,94,6,4.0,2.0,1,2,0,0,0,16,0,0,671,15,15,3,0,8,1,4,0,1,6,7,8,9,0,1,2,3,4,5,0,0,0,1,2,3,4,5,6,7,8,0,0.0,1,0,1,2,3,4,5,6,7,8,0,0.0,0,0,1,0,0,0,0,1.0,3.0,1.0,,,,,,
604,/server/regressdb/tss_lp54_WW37_LP4_CFG8_test_REGR__20220913_045412__andrei__CONFIG@r8699_VERIF@r8780_PHYTOP@r7165_SOFTIP@r7611_HARDIP@r7391_CSRINIT@r7265_FW@r7127/chain_0/phystate_tests/phystate/cfg_ch_1_x16_1to4_phystate_cdn_vip/run_90/local_log.log,2372,4,16,0,0,3372,1,1,24,22,4,4,4,1,1,0,0,14,37,2,6,1,165,6,6.0,1.0,1,2,0,0,0,16,6,0,348,15,15,3,0,8,1,4,0,1,6,7,8,9,0,1,2,3,4,5,0,0,0,1,2,3,4,5,6,7,8,0,0.0,1,0,1,2,3,4,5,6,7,8,0,0.0,0,0,1,0,0,0,0,1.0,3.0,1.0,,,,,,
605,/server/regressdb/tss_lp54_WW37_LP4_CFG8_test_REGR__20220913_045412__andrei__CONFIG@r8699_VERIF@r8780_PHYTOP@r7165_SOFTIP@r7611_HARDIP@r7391_CSRINIT@r7265_FW@r7127/chain_0/phystate_tests/phystate/cfg_ch_1_x16_1to4_phystate_cdn_vip/run_90/local_log.log,4088,4,16,0,0,1956,1,1,40,18,7,7,7,0,1,1,0,8,36,2,6,1,186,4,6.0,2.0,1,2,0,0,0,16,0,0,929,15,15,3,0,8,1,4,0,1,6,7,8,9,0,1,2,3,4,5,0,0,0,1,2,3,4,5,6,7,8,0,0.0,1,0,1,2,3,4,5,6,7,8,0,0.0,0,0,1,0,0,0,0,1.0,3.0,1.0,,,,,,
606,/server/regressdb/tss_lp54_WW37_LP4_CFG8_test_REGR__20220913_045412__andrei__CONFIG@r8699_VERIF@r8780_PHYTOP@r7165_SOFTIP@r7611_HARDIP@r7391_CSRINIT@r7265_FW@r7127/chain_0/phystate_tests/phystate/cfg_ch_1_x16_1to4_phystate_cdn_vip/run_207/local_log.log,3366,4,16,0,0,2376,1,1,32,16,6,6,6,0,0,0,1,6,33,2,6,1,148,6,0.0,0.0,2,2,0,0,0,16,6,0,182,15,15,3,0,8,1,4,0,1,6,7,8,9,0,1,2,3,4,5,0,0,0,1,2,3,4,5,6,7,8,0,0.0,1,0,1,2,3,4,5,6,7,8,0,0.0,0,0,2,0,0,0,0,1.0,3.0,1.0,,,,,,
607,/server/regressdb/tss_lp54_WW37_LP4_CFG8_test_REGR__20220913_045412__andrei__CONFIG@r8699_VERIF@r8780_PHYTOP@r7165_SOFTIP@r7611_HARDIP@r7391_CSRINIT@r7265_FW@r7127/chain_0/phystate_tests/phystate/cfg_ch_1_x16_1to4_phystate_cdn_vip/run_207/local_log.log,1580,4,16,0,0,5060,1,1,16,12,2,2,2,1,1,1,1,6,25,2,6,1,128,4,6.0,0.0,2,2,0,0,0,16,0,0,860,15,15,3,0,8,1,4,0,1,6,7,8,9,0,1,2,3,4,5,0,0,0,1,2,3,4,5,6,7,8,0,0.0,1,0,1,2,3,4,5,6,7,8,0,0.0,0,0,2,0,0,0,0,1.0,3.0,1.0,,,,,,
608,/server/regressdb/tss_lp54_WW37_LP4_CFG8_test_REGR__20220913_045412__andrei__CONFIG@r8699_VERIF@r8780_PHYTOP@r7165_SOFTIP@r7611_HARDIP@r7391_CSRINIT@r7265_FW@r7127/chain_0/phystate_tests/phystate/cfg_ch_1_x16_1to4_phystate_cdn_vip/run_161/local_log.log,2300,4,16,0,0,3476,1,1,28,22,4,4,4,1,0,1,0,14,37,2,6,1,245,4,0.0,0.0,4,2,0,0,0,16,6,0,632,15,15,3,0,8,1,4,0,1,6,7,8,9,0,1,2,3,4,5,0,0,0,1,2,3,4,5,6,7,8,0,0.0,1,0,1,2,3,4,5,6,7,8,0,0.0,0,0,1,0,0,0,0,1.0,3.0,1.0,,,,,,
609,/server/regressdb/tss_lp54_WW37_LP4_CFG8_test_REGR__20220913_045412__andrei__CONFIG@r8699_VERIF@r8780_PHYTOP@r7165_SOFTIP@r7611_HARDIP@r7391_CSRINIT@r7265_FW@r7127/chain_0/phystate_tests/phystate/cfg_ch_1_x16_1to4_phystate_cdn_vip/run_161/local_log.log,2324,4,16,0,0,3440,1,1,24,12,4,4,4,0,1,0,1,4,27,2,6,1,16,6,4.0,2.0,4,2,0,0,0,16,0,0,104,15,15,3,0,8,1,4,0,1,6,7,8,9,0,1,2,3,4,5,0,0,0,1,2,3,4,5,6,7,8,0,0.0,1,0,1,2,3,4,5,6,7,8,0,0.0,0,0,1,0,0,0,0,1.0,3.0,1.0,,,,,,
610,/server/regressdb/tss_lp54_WW37_LP4_CFG8_test_REGR__20220913_045412__andrei__CONFIG@r8699_VERIF@r8780_PHYTOP@r7165_SOFTIP@r7611_HARDIP@r7391_CSRINIT@r7265_FW@r7127/chain_0/phystate_tests/phystate/cfg_ch_1_x16_1to4_phystate_cdn_vip/run_71/local_log.log,3262,4,16,0,0,2452,1,1,32,30,6,6,6,1,0,0,1,20,47,2,6,1,208,6,6.0,0.0,1,2,0,0,0,16,6,0,621,15,15,3,0,8,1,4,0,1,6,7,8,9,0,1,2,3,4,5,0,0,0,1,2,3,4,5,6,7,8,0,0.0,1,0,1,2,3,4,5,6,7,8,0,0.0,0,0,2,0,0,0,0,1.0,3.0,1.0,,,,,,
611,/server/regressdb/tss_lp54_WW37_LP4_CFG8_test_REGR__20220913_045412__andrei__CONFIG@r8699_VERIF@r8780_PHYTOP@r7165_SOFTIP@r7611_HARDIP@r7391_CSRINIT@r7265_FW@r7127/chain_0/phystate_tests/phystate/cfg_ch_1_x16_1to4_phystate_cdn_vip/run_71/local_log.log,3838,4,16,0,0,2084,1,1,36,18,7,7,7,0,0,0,1,8,36,2,6,1,233,6,6.0,2.0,1,2,0,0,0,16,0,0,916,15,15,3,0,8,1,4,0,1,6,7,8,9,0,1,2,3,4,5,0,0,0,1,2,3,4,5,6,7,8,0,0.0,1,0,1,2,3,4,5,6,7,8,0,0.0,0,0,2,0,0,0,0,1.0,3.0,1.0,,,,,,
612,/server/regressdb/tss_lp54_WW37_LP4_CFG8_test_REGR__20220913_045412__andrei__CONFIG@r8699_VERIF@r8780_PHYTOP@r7165_SOFTIP@r7611_HARDIP@r7391_CSRINIT@r7265_FW@r7127/chain_0/phystate_tests/phystate/cfg_ch_1_x16_1to4_phystate_cdn_vip/run_165/local_log.log,3514,4,16,0,0,2276,1,1,32,16,6,6,6,0,0,0,1,6,33,2,6,1,43,6,6.0,2.0,1,2,0,0,0,16,6,0,828,15,15,3,0,8,1,4,0,1,6,7,8,9,0,1,2,3,4,5,0,0,0,1,2,3,4,5,6,7,8,0,0.0,1,0,1,2,3,4,5,6,7,8,0,0.0,0,0,0,0,0,0,0,1.0,3.0,1.0,,,,,,
613,/server/regressdb/tss_lp54_WW37_LP4_CFG8_test_REGR__20220913_045412__andrei__CONFIG@r8699_VERIF@r8780_PHYTOP@r7165_SOFTIP@r7611_HARDIP@r7391_CSRINIT@r7265_FW@r7127/chain_0/phystate_tests/phystate/cfg_ch_1_x16_1to4_phystate_cdn_vip/run_165/local_log.log,1140,4,16,0,0,7008,1,1,14,12,2,2,2,1,0,0,0,6,25,2,6,1,123,4,4.0,0.0,1,2,0,0,0,16,0,0,383,15,15,3,0,8,1,4,0,1,6,7,8,9,0,1,2,3,4,5,0,0,0,1,2,3,4,5,6,7,8,0,0.0,1,0,1,2,3,4,5,6,7,8,0,0.0,0,0,0,0,0,0,0,1.0,3.0,1.0,,,,,,
614,/server/regressdb/tss_lp54_WW37_LP4_CFG8_test_REGR__20220913_045412__andrei__CONFIG@r8699_VERIF@r8780_PHYTOP@r7165_SOFTIP@r7611_HARDIP@r7391_CSRINIT@r7265_FW@r7127/chain_0/phystate_tests/phystate/cfg_ch_1_x16_1to4_phystate_cdn_vip/run_209/local_log.log,2518,4,16,0,0,3176,1,1,24,12,4,4,4,0,0,0,0,4,27,2,6,1,85,4,4.0,0.0,4,2,0,0,0,16,6,0,594,15,15,3,0,8,1,4,0,1,6,7,8,9,0,1,2,3,4,5,0,0,0,1,2,3,4,5,6,7,8,0,0.0,1,0,1,2,3,4,5,6,7,8,0,0.0,0,0,1,0,0,0,0,1.0,3.0,1.0,,,,,,
615,/server/regressdb/tss_lp54_WW37_LP4_CFG8_test_REGR__20220913_045412__andrei__CONFIG@r8699_VERIF@r8780_PHYTOP@r7165_SOFTIP@r7611_HARDIP@r7391_CSRINIT@r7265_FW@r7127/chain_0/phystate_tests/phystate/cfg_ch_1_x16_1to4_phystate_cdn_vip/run_209/local_log.log,2600,4,16,0,0,3076,1,1,24,12,4,4,4,0,0,0,1,4,27,2,6,1,189,6,0.0,2.0,4,2,0,0,0,16,0,0,920,15,15,3,0,8,1,4,0,1,6,7,8,9,0,1,2,3,4,5,0,0,0,1,2,3,4,5,6,7,8,0,0.0,1,0,1,2,3,4,5,6,7,8,0,0.0,0,0,1,0,0,0,0,1.0,3.0,1.0,,,,,,
616,/server/regressdb/tss_lp54_WW37_LP4_CFG8_test_REGR__20220913_045412__andrei__CONFIG@r8699_VERIF@r8780_PHYTOP@r7165_SOFTIP@r7611_HARDIP@r7391_CSRINIT@r7265_FW@r7127/chain_0/phystate_tests/phystate/cfg_ch_1_x16_1to4_phystate_cdn_vip/run_144/local_log.log,2446,4,16,0,0,3268,1,1,24,12,4,4,4,0,1,0,0,4,27,2,6,1,194,6,4.0,0.0,1,2,0,0,0,16,6,0,753,15,15,3,0,8,1,4,0,1,6,7,8,9,0,1,2,3,4,5,0,0,0,1,2,3,4,5,6,7,8,0,0.0,1,0,1,2,3,4,5,6,7,8,0,0.0,0,0,0,0,0,0,0,1.0,3.0,1.0,,,,,,
617,/server/regressdb/tss_lp54_WW37_LP4_CFG8_test_REGR__20220913_045412__andrei__CONFIG@r8699_VERIF@r8780_PHYTOP@r7165_SOFTIP@r7611_HARDIP@r7391_CSRINIT@r7265_FW@r7127/chain_0/phystate_tests/phystate/cfg_ch_1_x16_1to4_phystate_cdn_vip/run_144/local_log.log,3252,4,16,0,0,2460,1,1,36,30,6,6,6,1,1,1,1,20,47,2,6,1,218,4,6.0,1.0,1,2,0,0,0,16,0,0,249,15,15,3,0,8,1,4,0,1,6,7,8,9,0,1,2,3,4,5,0,0,0,1,2,3,4,5,6,7,8,0,0.0,1,0,1,2,3,4,5,6,7,8,0,0.0,0,0,0,0,0,0,0,1.0,3.0,1.0,,,,,,
618,/server/regressdb/tss_lp54_WW37_LP4_CFG8_test_REGR__20220913_045412__andrei__CONFIG@r8699_VERIF@r8780_PHYTOP@r7165_SOFTIP@r7611_HARDIP@r7391_CSRINIT@r7265_FW@r7127/chain_0/phystate_tests/phystate/cfg_ch_1_x16_1to4_phystate_cdn_vip/run_115/local_log.log,3490,4,16,0,0,2292,1,1,36,30,6,6,6,1,0,1,0,20,47,2,6,1,226,6,4.0,1.0,4,2,0,0,0,16,6,0,454,15,15,3,0,8,1,4,0,1,6,7,8,9,0,1,2,3,4,5,0,0,0,1,2,3,4,5,6,7,8,0,0.0,1,0,1,2,3,4,5,6,7,8,0,0.0,0,0,0,0,0,0,0,1.0,3.0,1.0,,,,,,
619,/server/regressdb/tss_lp54_WW37_LP4_CFG8_test_REGR__20220913_045412__andrei__CONFIG@r8699_VERIF@r8780_PHYTOP@r7165_SOFTIP@r7611_HARDIP@r7391_CSRINIT@r7265_FW@r7127/chain_0/phystate_tests/phystate/cfg_ch_1_x16_1to4_phystate_cdn_vip/run_115/local_log.log,2750,4,16,0,0,2908,1,1,28,26,5,5,5,1,1,0,1,18,42,2,6,1,75,6,4.0,2.0,4,2,0,0,0,16,0,0,462,15,15,3,0,8,1,4,0,1,6,7,8,9,0,1,2,3,4,5,0,0,0,1,2,3,4,5,6,7,8,0,0.0,1,0,1,2,3,4,5,6,7,8,0,0.0,0,0,0,0,0,0,0,1.0,3.0,1.0,,,,,,
620,/server/regressdb/tss_lp54_WW37_LP4_CFG8_test_REGR__20220913_045412__andrei__CONFIG@r8699_VERIF@r8780_PHYTOP@r7165_SOFTIP@r7611_HARDIP@r7391_CSRINIT@r7265_FW@r7127/chain_0/phystate_tests/phystate/cfg_ch_1_x16_1to4_phystate_cdn_vip/run_115/local_log.log,3490,4,16,0,0,2292,1,1,36,30,6,6,6,1,0,1,0,20,47,2,6,1,226,6,4.0,1.0,4,2,0,0,0,16,0,0,454,15,15,3,0,8,1,4,0,1,6,7,8,9,0,1,2,3,4,5,0,0,0,1,2,3,4,5,6,7,8,0,0.0,1,0,1,2,3,4,5,6,7,8,0,0.0,0,0,0,0,0,0,0,1.0,3.0,1.0,,,,,,
621,/server/regressdb/tss_lp54_WW37_LP4_CFG8_test_REGR__20220913_045412__andrei__CONFIG@r8699_VERIF@r8780_PHYTOP@r7165_SOFTIP@r7611_HARDIP@r7391_CSRINIT@r7265_FW@r7127/chain_0/phystate_tests/phystate/cfg_ch_1_x16_1to4_phystate_cdn_vip/run_125/local_log.log,3016,4,16,0,0,2652,1,1,32,14,5,5,5,0,0,1,0,6,30,2,6,1,49,6,4.0,1.0,2,2,0,0,0,16,6,0,549,15,15,3,0,8,1,4,0,1,6,7,8,9,0,1,2,3,4,5,0,0,0,1,2,3,4,5,6,7,8,0,0.0,1,0,1,2,3,4,5,6,7,8,0,0.0,0,0,2,0,0,0,0,1.0,3.0,1.0,,,,,,
622,/server/regressdb/tss_lp54_WW37_LP4_CFG8_test_REGR__20220913_045412__andrei__CONFIG@r8699_VERIF@r8780_PHYTOP@r7165_SOFTIP@r7611_HARDIP@r7391_CSRINIT@r7265_FW@r7127/chain_0/phystate_tests/phystate/cfg_ch_1_x16_1to4_phystate_cdn_vip/run_125/local_log.log,776,4,16,0,0,10284,1,1,10,6,1,1,1,0,0,0,1,0,18,2,6,1,110,0,4.0,0.0,2,2,0,0,0,16,0,0,716,15,15,3,0,8,1,4,0,1,6,7,8,9,0,1,2,3,4,5,0,0,0,1,2,3,4,5,6,7,8,0,0.0,1,0,1,2,3,4,5,6,7,8,0,0.0,0,0,2,0,0,0,0,1.0,3.0,1.0,,,,,,
623,/server/regressdb/tss_lp54_WW37_LP4_CFG8_test_REGR__20220913_045412__andrei__CONFIG@r8699_VERIF@r8780_PHYTOP@r7165_SOFTIP@r7611_HARDIP@r7391_CSRINIT@r7265_FW@r7127/chain_0/phystate_tests/phystate/cfg_ch_1_x16_1to4_phystate_csr_cdn_vip/run_136/local_log.log,3304,4,16,0,0,2420,1,1,36,16,6,6,6,0,1,1,0,6,33,2,6,1,148,6,0.0,2.0,1,2,0,0,0,16,6,0,135,15,15,3,0,8,1,4,0,1,6,7,8,9,0,1,2,3,4,5,0,0,0,1,2,3,4,5,6,7,8,0,0.0,1,0,1,2,3,4,5,6,7,8,0,0.0,0,0,2,0,0,0,0,1.0,3.0,1.0,,,,,,
624,/server/regressdb/tss_lp54_WW37_LP4_CFG8_test_REGR__20220913_045412__andrei__CONFIG@r8699_VERIF@r8780_PHYTOP@r7165_SOFTIP@r7611_HARDIP@r7391_CSRINIT@r7265_FW@r7127/chain_0/phystate_tests/phystate/cfg_ch_1_x16_1to4_phystate_csr_cdn_vip/run_136/local_log.log,1298,4,16,0,0,6156,1,1,14,8,2,2,2,0,0,0,0,0,21,2,6,1,197,0,6.0,1.0,1,2,0,0,0,16,0,0,853,15,15,3,0,8,1,4,0,1,6,7,8,9,0,1,2,3,4,5,0,0,0,1,2,3,4,5,6,7,8,0,0.0,1,0,1,2,3,4,5,6,7,8,0,0.0,0,0,2,0,0,0,0,1.0,3.0,1.0,,,,,,
625,/server/regressdb/tss_lp54_WW37_LP4_CFG8_test_REGR__20220913_045412__andrei__CONFIG@r8699_VERIF@r8780_PHYTOP@r7165_SOFTIP@r7611_HARDIP@r7391_CSRINIT@r7265_FW@r7127/chain_0/phystate_tests/phystate/cfg_ch_1_x16_1to4_phystate_csr_cdn_vip/run_121/local_log.log,3676,4,16,0,0,2176,1,1,32,30,6,6,6,1,1,0,1,20,47,2,6,1,140,4,4.0,0.0,1,2,0,0,0,16,6,0,674,15,15,3,0,8,1,4,0,1,6,7,8,9,0,1,2,3,4,5,0,0,0,1,2,3,4,5,6,7,8,0,0.0,1,0,1,2,3,4,5,6,7,8,0,0.0,0,0,1,0,0,0,0,1.0,3.0,1.0,,,,,,
626,/server/regressdb/tss_lp54_WW37_LP4_CFG8_test_REGR__20220913_045412__andrei__CONFIG@r8699_VERIF@r8780_PHYTOP@r7165_SOFTIP@r7611_HARDIP@r7391_CSRINIT@r7265_FW@r7127/chain_0/phystate_tests/phystate/cfg_ch_1_x16_1to4_phystate_csr_cdn_vip/run_121/local_log.log,2852,4,16,0,0,2804,1,1,28,26,5,5,5,1,1,0,1,18,42,2,6,1,242,4,6.0,0.0,1,2,0,0,0,16,0,0,677,15,15,3,0,8,1,4,0,1,6,7,8,9,0,1,2,3,4,5,0,0,0,1,2,3,4,5,6,7,8,0,0.0,1,0,1,2,3,4,5,6,7,8,0,0.0,0,0,1,0,0,0,0,1.0,3.0,1.0,,,,,,
627,/server/regressdb/tss_lp54_WW37_LP4_CFG8_test_REGR__20220913_045412__andrei__CONFIG@r8699_VERIF@r8780_PHYTOP@r7165_SOFTIP@r7611_HARDIP@r7391_CSRINIT@r7265_FW@r7127/chain_0/phystate_tests/phystate/cfg_ch_1_x16_1to4_phystate_csr_cdn_vip/run_96/local_log.log,1154,4,16,0,0,6924,1,1,16,12,2,2,2,1,1,1,0,6,25,2,6,1,120,4,4.0,0.0,1,2,0,0,0,16,6,0,142,15,15,3,0,8,1,4,0,1,6,7,8,9,0,1,2,3,4,5,0,0,0,1,2,3,4,5,6,7,8,0,0.0,1,0,1,2,3,4,5,6,7,8,0,0.0,0,0,0,0,0,0,0,1.0,3.0,1.0,,,,,,
628,/server/regressdb/tss_lp54_WW37_LP4_CFG8_test_REGR__20220913_045412__andrei__CONFIG@r8699_VERIF@r8780_PHYTOP@r7165_SOFTIP@r7611_HARDIP@r7391_CSRINIT@r7265_FW@r7127/chain_0/phystate_tests/phystate/cfg_ch_1_x16_1to4_phystate_csr_cdn_vip/run_96/local_log.log,554,4,16,0,0,14392,1,1,12,6,1,1,1,0,1,1,1,0,18,2,6,1,4,0,4.0,2.0,1,2,0,0,0,16,0,0,650,15,15,3,0,8,1,4,0,1,6,7,8,9,0,1,2,3,4,5,0,0,0,1,2,3,4,5,6,7,8,0,0.0,1,0,1,2,3,4,5,6,7,8,0,0.0,0,0,0,0,0,0,0,1.0,3.0,1.0,,,,,,
629,/server/regressdb/tss_lp54_WW37_LP4_CFG8_test_REGR__20220913_045412__andrei__CONFIG@r8699_VERIF@r8780_PHYTOP@r7165_SOFTIP@r7611_HARDIP@r7391_CSRINIT@r7265_FW@r7127/chain_0/phystate_tests/phystate/cfg_ch_1_x16_1to4_phystate_csr_cdn_vip/run_46/local_log.log,2284,4,16,0,0,3500,1,1,28,22,4,4,4,1,1,1,1,14,37,2,6,1,128,6,0.0,0.0,4,2,0,0,0,16,6,0,643,15,15,3,0,8,1,4,0,1,6,7,8,9,0,1,2,3,4,5,0,0,0,1,2,3,4,5,6,7,8,0,0.0,1,0,1,2,3,4,5,6,7,8,0,0.0,0,0,2,0,0,0,0,1.0,3.0,1.0,,,,,,
630,/server/regressdb/tss_lp54_WW37_LP4_CFG8_test_REGR__20220913_045412__andrei__CONFIG@r8699_VERIF@r8780_PHYTOP@r7165_SOFTIP@r7611_HARDIP@r7391_CSRINIT@r7265_FW@r7127/chain_0/phystate_tests/phystate/cfg_ch_1_x16_1to4_phystate_csr_cdn_vip/run_46/local_log.log,3766,4,16,0,0,2124,1,1,40,18,7,7,7,0,1,1,1,8,36,2,6,1,49,6,4.0,2.0,4,2,0,0,0,16,0,0,189,15,15,3,0,8,1,4,0,1,6,7,8,9,0,1,2,3,4,5,0,0,0,1,2,3,4,5,6,7,8,0,0.0,1,0,1,2,3,4,5,6,7,8,0,0.0,0,0,2,0,0,0,0,1.0,3.0,1.0,,,,,,
631,/server/regressdb/tss_lp54_WW37_LP4_CFG8_test_REGR__20220913_045412__andrei__CONFIG@r8699_VERIF@r8780_PHYTOP@r7165_SOFTIP@r7611_HARDIP@r7391_CSRINIT@r7265_FW@r7127/chain_0/phystate_tests/phystate/cfg_ch_1_x16_1to4_phystate_csr_cdn_vip/run_116/local_log.log,2894,4,16,0,0,2764,1,1,28,26,5,5,5,1,1,0,0,18,42,2,6,1,232,6,0.0,2.0,2,2,0,0,0,16,6,0,971,15,15,3,0,8,1,4,0,1,6,7,8,9,0,1,2,3,4,5,0,0,0,1,2,3,4,5,6,7,8,0,0.0,1,0,1,2,3,4,5,6,7,8,0,0.0,0,0,1,0,0,0,0,1.0,3.0,1.0,,,,,,
632,/server/regressdb/tss_lp54_WW37_LP4_CFG8_test_REGR__20220913_045412__andrei__CONFIG@r8699_VERIF@r8780_PHYTOP@r7165_SOFTIP@r7611_HARDIP@r7391_CSRINIT@r7265_FW@r7127/chain_0/phystate_tests/phystate/cfg_ch_1_x16_1to4_phystate_csr_cdn_vip/run_116/local_log.log,1116,4,16,0,0,7156,1,1,16,8,2,2,2,0,1,1,0,0,21,2,6,1,121,0,4.0,2.0,2,2,0,0,0,16,0,0,333,15,15,3,0,8,1,4,0,1,6,7,8,9,0,1,2,3,4,5,0,0,0,1,2,3,4,5,6,7,8,0,0.0,1,0,1,2,3,4,5,6,7,8,0,0.0,0,0,1,0,0,0,0,1.0,3.0,1.0,,,,,,
633,/server/regressdb/tss_lp54_WW37_LP4_CFG8_test_REGR__20220913_045412__andrei__CONFIG@r8699_VERIF@r8780_PHYTOP@r7165_SOFTIP@r7611_HARDIP@r7391_CSRINIT@r7265_FW@r7127/chain_0/phystate_tests/phystate/cfg_ch_1_x16_1to4_phystate_csr_cdn_vip/run_18/local_log.log,1322,4,16,0,0,6044,1,1,14,8,2,2,2,0,0,0,1,0,21,2,6,1,243,0,6.0,2.0,1,2,0,0,0,16,6,0,758,15,15,3,0,8,1,4,0,1,6,7,8,9,0,1,2,3,4,5,0,0,0,1,2,3,4,5,6,7,8,0,0.0,1,0,1,2,3,4,5,6,7,8,0,0.0,0,0,1,0,0,0,0,1.0,3.0,1.0,,,,,,
634,/server/regressdb/tss_lp54_WW37_LP4_CFG8_test_REGR__20220913_045412__andrei__CONFIG@r8699_VERIF@r8780_PHYTOP@r7165_SOFTIP@r7611_HARDIP@r7391_CSRINIT@r7265_FW@r7127/chain_0/phystate_tests/phystate/cfg_ch_1_x16_1to4_phystate_csr_cdn_vip/run_18/local_log.log,2796,4,16,0,0,2860,1,1,28,26,5,5,5,1,0,0,1,18,42,2,6,1,3,6,6.0,1.0,1,2,0,0,0,16,0,0,810,15,15,3,0,8,1,4,0,1,6,7,8,9,0,1,2,3,4,5,0,0,0,1,2,3,4,5,6,7,8,0,0.0,1,0,1,2,3,4,5,6,7,8,0,0.0,0,0,1,0,0,0,0,1.0,3.0,1.0,,,,,,
635,/server/regressdb/tss_lp54_WW37_LP4_CFG8_test_REGR__20220913_045412__andrei__CONFIG@r8699_VERIF@r8780_PHYTOP@r7165_SOFTIP@r7611_HARDIP@r7391_CSRINIT@r7265_FW@r7127/chain_0/phystate_tests/phystate/cfg_ch_1_x16_1to4_phystate_csr_cdn_vip/run_131/local_log.log,3304,4,16,0,0,2420,1,1,36,30,6,6,6,1,1,1,1,20,47,2,6,1,107,6,0.0,0.0,4,2,0,0,0,16,6,0,627,15,15,3,0,8,1,4,0,1,6,7,8,9,0,1,2,3,4,5,0,0,0,1,2,3,4,5,6,7,8,0,0.0,1,0,1,2,3,4,5,6,7,8,0,0.0,0,0,1,0,0,0,0,1.0,3.0,1.0,,,,,,
636,/server/regressdb/tss_lp54_WW37_LP4_CFG8_test_REGR__20220913_045412__andrei__CONFIG@r8699_VERIF@r8780_PHYTOP@r7165_SOFTIP@r7611_HARDIP@r7391_CSRINIT@r7265_FW@r7127/chain_0/phystate_tests/phystate/cfg_ch_1_x16_1to4_phystate_csr_cdn_vip/run_131/local_log.log,2062,4,16,0,0,3876,1,1,22,10,3,3,3,0,0,1,1,4,24,2,6,1,204,6,0.0,2.0,4,2,0,0,0,16,0,0,259,15,15,3,0,8,1,4,0,1,6,7,8,9,0,1,2,3,4,5,0,0,0,1,2,3,4,5,6,7,8,0,0.0,1,0,1,2,3,4,5,6,7,8,0,0.0,0,0,1,0,0,0,0,1.0,3.0,1.0,,,,,,
637,/server/regressdb/tss_lp54_WW37_LP4_CFG8_test_REGR__20220913_045412__andrei__CONFIG@r8699_VERIF@r8780_PHYTOP@r7165_SOFTIP@r7611_HARDIP@r7391_CSRINIT@r7265_FW@r7127/chain_0/phystate_tests/phystate/cfg_ch_1_x16_1to4_phystate_csr_cdn_vip/run_106/local_log.log,2372,4,16,0,0,3372,1,1,24,22,4,4,4,1,1,0,0,14,37,2,6,1,117,6,4.0,1.0,1,2,0,0,0,16,6,0,249,15,15,3,0,8,1,4,0,1,6,7,8,9,0,1,2,3,4,5,0,0,0,1,2,3,4,5,6,7,8,0,0.0,1,0,1,2,3,4,5,6,7,8,0,0.0,0,0,0,0,0,0,0,1.0,3.0,1.0,,,,,,
638,/server/regressdb/tss_lp54_WW37_LP4_CFG8_test_REGR__20220913_045412__andrei__CONFIG@r8699_VERIF@r8780_PHYTOP@r7165_SOFTIP@r7611_HARDIP@r7391_CSRINIT@r7265_FW@r7127/chain_0/phystate_tests/phystate/cfg_ch_1_x16_1to4_phystate_csr_cdn_vip/run_106/local_log.log,3354,4,16,0,0,2384,1,1,32,16,6,6,6,0,0,0,1,6,33,2,6,1,112,6,6.0,1.0,1,2,0,0,0,16,0,0,776,15,15,3,0,8,1,4,0,1,6,7,8,9,0,1,2,3,4,5,0,0,0,1,2,3,4,5,6,7,8,0,0.0,1,0,1,2,3,4,5,6,7,8,0,0.0,0,0,0,0,0,0,0,1.0,3.0,1.0,,,,,,
639,/server/regressdb/tss_lp54_WW37_LP4_CFG8_test_REGR__20220913_045412__andrei__CONFIG@r8699_VERIF@r8780_PHYTOP@r7165_SOFTIP@r7611_HARDIP@r7391_CSRINIT@r7265_FW@r7127/chain_0/phystate_tests/phystate/cfg_ch_1_x16_1to4_phystate_csr_cdn_vip/run_56/local_log.log,2246,4,16,0,0,3560,1,1,28,12,4,4,4,0,0,1,1,4,27,2,6,1,175,6,0.0,2.0,2,2,0,0,0,16,6,0,448,15,15,3,0,8,1,4,0,1,6,7,8,9,0,1,2,3,4,5,0,0,0,1,2,3,4,5,6,7,8,0,0.0,1,0,1,2,3,4,5,6,7,8,0,0.0,0,0,1,0,0,0,0,1.0,3.0,1.0,,,,,,
640,/server/regressdb/tss_lp54_WW37_LP4_CFG8_test_REGR__20220913_045412__andrei__CONFIG@r8699_VERIF@r8780_PHYTOP@r7165_SOFTIP@r7611_HARDIP@r7391_CSRINIT@r7265_FW@r7127/chain_0/phystate_tests/phystate/cfg_ch_1_x16_1to4_phystate_csr_cdn_vip/run_56/local_log.log,2688,4,16,0,0,2976,1,1,32,14,5,5,5,0,1,1,1,6,30,2,6,1,227,4,6.0,1.0,2,2,0,0,0,16,0,0,287,15,15,3,0,8,1,4,0,1,6,7,8,9,0,1,2,3,4,5,0,0,0,1,2,3,4,5,6,7,8,0,0.0,1,0,1,2,3,4,5,6,7,8,0,0.0,0,0,1,0,0,0,0,1.0,3.0,1.0,,,,,,
641,/server/regressdb/tss_lp54_WW37_LP4_CFG8_test_REGR__20220913_045412__andrei__CONFIG@r8699_VERIF@r8780_PHYTOP@r7165_SOFTIP@r7611_HARDIP@r7391_CSRINIT@r7265_FW@r7127/chain_0/phystate_tests/phystate/cfg_ch_1_x16_1to4_phystate_csr_cdn_vip/run_91/local_log.log,1792,4,16,0,0,4460,1,1,20,10,3,3,3,0,0,0,0,4,24,2,6,1,212,4,6.0,2.0,2,2,0,0,0,16,6,0,217,15,15,3,0,8,1,4,0,1,6,7,8,9,0,1,2,3,4,5,0,0,0,1,2,3,4,5,6,7,8,0,0.0,1,0,1,2,3,4,5,6,7,8,0,0.0,0,0,1,0,0,0,0,1.0,3.0,1.0,,,,,,
642,/server/regressdb/tss_lp54_WW37_LP4_CFG8_test_REGR__20220913_045412__andrei__CONFIG@r8699_VERIF@r8780_PHYTOP@r7165_SOFTIP@r7611_HARDIP@r7391_CSRINIT@r7265_FW@r7127/chain_0/phystate_tests/phystate/cfg_ch_1_x16_1to4_phystate_csr_cdn_vip/run_91/local_log.log,3662,4,16,0,0,2184,1,1,36,16,6,6,6,0,1,1,1,6,33,2,6,1,47,4,0.0,2.0,2,2,0,0,0,16,0,0,678,15,15,3,0,8,1,4,0,1,6,7,8,9,0,1,2,3,4,5,0,0,0,1,2,3,4,5,6,7,8,0,0.0,1,0,1,2,3,4,5,6,7,8,0,0.0,0,0,1,0,0,0,0,1.0,3.0,1.0,,,,,,
643,/server/regressdb/tss_lp54_WW37_LP4_CFG8_test_REGR__20220913_045412__andrei__CONFIG@r8699_VERIF@r8780_PHYTOP@r7165_SOFTIP@r7611_HARDIP@r7391_CSRINIT@r7265_FW@r7127/chain_0/phystate_tests/phystate/cfg_ch_1_x16_1to4_phystate_csr_cdn_vip/run_79/local_log.log,3596,4,16,0,0,2224,1,1,32,16,6,6,6,0,1,0,1,6,33,2,6,1,19,6,6.0,0.0,1,2,0,0,0,16,6,0,268,15,15,3,0,8,1,4,0,1,6,7,8,9,0,1,2,3,4,5,0,0,0,1,2,3,4,5,6,7,8,0,0.0,1,0,1,2,3,4,5,6,7,8,0,0.0,0,0,1,0,0,0,0,1.0,3.0,1.0,,,,,,
644,/server/regressdb/tss_lp54_WW37_LP4_CFG8_test_REGR__20220913_045412__andrei__CONFIG@r8699_VERIF@r8780_PHYTOP@r7165_SOFTIP@r7611_HARDIP@r7391_CSRINIT@r7265_FW@r7127/chain_0/phystate_tests/phystate/cfg_ch_1_x16_1to4_phystate_csr_cdn_vip/run_79/local_log.log,3622,4,16,0,0,2208,1,1,36,30,6,6,6,1,0,1,1,20,47,2,6,1,99,6,0.0,1.0,1,2,0,0,0,16,0,0,847,15,15,3,0,8,1,4,0,1,6,7,8,9,0,1,2,3,4,5,0,0,0,1,2,3,4,5,6,7,8,0,0.0,1,0,1,2,3,4,5,6,7,8,0,0.0,0,0,1,0,0,0,0,1.0,3.0,1.0,,,,,,
645,/server/regressdb/tss_lp54_WW37_LP4_CFG8_test_REGR__20220913_045412__andrei__CONFIG@r8699_VERIF@r8780_PHYTOP@r7165_SOFTIP@r7611_HARDIP@r7391_CSRINIT@r7265_FW@r7127/chain_0/phystate_tests/phystate/cfg_ch_1_x16_1to4_phystate_csr_cdn_vip/run_101/local_log.log,2804,4,16,0,0,2852,1,1,28,26,5,5,5,1,0,0,1,18,42,2,6,1,141,4,4.0,1.0,4,2,0,0,0,16,6,0,563,15,15,3,0,8,1,4,0,1,6,7,8,9,0,1,2,3,4,5,0,0,0,1,2,3,4,5,6,7,8,0,0.0,1,0,1,2,3,4,5,6,7,8,0,0.0,0,0,2,0,0,0,0,1.0,3.0,1.0,,,,,,
646,/server/regressdb/tss_lp54_WW37_LP4_CFG8_test_REGR__20220913_045412__andrei__CONFIG@r8699_VERIF@r8780_PHYTOP@r7165_SOFTIP@r7611_HARDIP@r7391_CSRINIT@r7265_FW@r7127/chain_0/phystate_tests/phystate/cfg_ch_1_x16_1to4_phystate_csr_cdn_vip/run_101/local_log.log,1266,4,16,0,0,6312,1,1,14,12,2,2,2,1,1,0,1,6,25,2,6,1,4,6,4.0,2.0,4,2,0,0,0,16,0,0,825,15,15,3,0,8,1,4,0,1,6,7,8,9,0,1,2,3,4,5,0,0,0,1,2,3,4,5,6,7,8,0,0.0,1,0,1,2,3,4,5,6,7,8,0,0.0,0,0,2,0,0,0,0,1.0,3.0,1.0,,,,,,
647,/server/regressdb/tss_lp54_WW37_LP4_CFG8_test_REGR__20220913_045412__andrei__CONFIG@r8699_VERIF@r8780_PHYTOP@r7165_SOFTIP@r7611_HARDIP@r7391_CSRINIT@r7265_FW@r7127/chain_0/phystate_tests/phystate/cfg_ch_1_x16_1to4_phystate_csr_cdn_vip/run_111/local_log.log,3094,4,16,0,0,2584,1,1,32,26,5,5,5,1,1,1,0,18,42,2,6,1,88,6,6.0,2.0,2,2,0,0,0,16,6,0,344,15,15,3,0,8,1,4,0,1,6,7,8,9,0,1,2,3,4,5,0,0,0,1,2,3,4,5,6,7,8,0,0.0,1,0,1,2,3,4,5,6,7,8,0,0.0,0,0,0,0,0,0,0,1.0,3.0,1.0,,,,,,
648,/server/regressdb/tss_lp54_WW37_LP4_CFG8_test_REGR__20220913_045412__andrei__CONFIG@r8699_VERIF@r8780_PHYTOP@r7165_SOFTIP@r7611_HARDIP@r7391_CSRINIT@r7265_FW@r7127/chain_0/phystate_tests/phystate/cfg_ch_1_x16_1to4_phystate_csr_cdn_vip/run_111/local_log.log,4040,4,16,0,0,1980,1,1,40,18,7,7,7,0,0,1,1,8,36,2,6,1,3,6,6.0,0.0,2,2,0,0,0,16,0,0,517,15,15,3,0,8,1,4,0,1,6,7,8,9,0,1,2,3,4,5,0,0,0,1,2,3,4,5,6,7,8,0,0.0,1,0,1,2,3,4,5,6,7,8,0,0.0,0,0,0,0,0,0,0,1.0,3.0,1.0,,,,,,
649,/server/regressdb/tss_lp54_WW37_LP4_CFG8_test_REGR__20220913_045412__andrei__CONFIG@r8699_VERIF@r8780_PHYTOP@r7165_SOFTIP@r7611_HARDIP@r7391_CSRINIT@r7265_FW@r7127/chain_0/phystate_tests/phystate/cfg_ch_1_x16_1to4_phystate_csr_cdn_vip/run_111/local_log.log,3094,4,16,0,0,2584,1,1,32,26,5,5,5,1,1,1,0,18,42,2,6,1,88,6,6.0,2.0,2,2,0,0,0,16,0,0,344,15,15,3,0,8,1,4,0,1,6,7,8,9,0,1,2,3,4,5,0,0,0,1,2,3,4,5,6,7,8,0,0.0,1,0,1,2,3,4,5,6,7,8,0,0.0,0,0,0,0,0,0,0,1.0,3.0,1.0,,,,,,
650,/server/regressdb/tss_lp54_WW37_LP4_CFG8_test_REGR__20220913_045412__andrei__CONFIG@r8699_VERIF@r8780_PHYTOP@r7165_SOFTIP@r7611_HARDIP@r7391_CSRINIT@r7265_FW@r7127/chain_0/phystate_tests/phystate/cfg_ch_1_x16_1to4_phystate_csr_cdn_vip/run_141/local_log.log,3384,4,16,0,0,2364,1,1,32,30,6,6,6,1,0,0,1,20,47,2,6,1,192,4,6.0,0.0,4,2,0,0,0,16,6,0,863,15,15,3,0,8,1,4,0,1,6,7,8,9,0,1,2,3,4,5,0,0,0,1,2,3,4,5,6,7,8,0,0.0,1,0,1,2,3,4,5,6,7,8,0,0.0,0,0,2,0,0,0,0,1.0,3.0,1.0,,,,,,
651,/server/regressdb/tss_lp54_WW37_LP4_CFG8_test_REGR__20220913_045412__andrei__CONFIG@r8699_VERIF@r8780_PHYTOP@r7165_SOFTIP@r7611_HARDIP@r7391_CSRINIT@r7265_FW@r7127/chain_0/phystate_tests/phystate/cfg_ch_1_x16_1to4_phystate_csr_cdn_vip/run_141/local_log.log,2172,4,16,0,0,3680,1,1,24,12,4,4,4,0,0,0,0,4,27,2,6,1,62,6,6.0,0.0,4,2,0,0,0,16,0,0,173,15,15,3,0,8,1,4,0,1,6,7,8,9,0,1,2,3,4,5,0,0,0,1,2,3,4,5,6,7,8,0,0.0,1,0,1,2,3,4,5,6,7,8,0,0.0,0,0,2,0,0,0,0,1.0,3.0,1.0,,,,,,
652,/server/regressdb/tss_lp54_WW37_LP4_CFG8_test_REGR__20220913_045412__andrei__CONFIG@r8699_VERIF@r8780_PHYTOP@r7165_SOFTIP@r7611_HARDIP@r7391_CSRINIT@r7265_FW@r7127/chain_0/phystate_tests/phystate/cfg_ch_1_x16_1to4_phystate_csr_cdn_vip/run_65/local_log.log,2538,4,16,0,0,3152,1,1,28,22,4,4,4,1,1,1,1,14,37,2,6,1,180,4,6.0,0.0,4,2,0,0,0,16,6,0,963,15,15,3,0,8,1,4,0,1,6,7,8,9,0,1,2,3,4,5,0,0,0,1,2,3,4,5,6,7,8,0,0.0,1,0,1,2,3,4,5,6,7,8,0,0.0,0,0,1,0,0,0,0,1.0,3.0,1.0,,,,,,
653,/server/regressdb/tss_lp54_WW37_LP4_CFG8_test_REGR__20220913_045412__andrei__CONFIG@r8699_VERIF@r8780_PHYTOP@r7165_SOFTIP@r7611_HARDIP@r7391_CSRINIT@r7265_FW@r7127/chain_0/phystate_tests/phystate/cfg_ch_1_x16_1to4_phystate_csr_cdn_vip/run_65/local_log.log,1144,4,16,0,0,6984,1,1,16,12,2,2,2,1,1,1,1,6,25,2,6,1,5,6,6.0,1.0,4,2,0,0,0,16,0,0,394,15,15,3,0,8,1,4,0,1,6,7,8,9,0,1,2,3,4,5,0,0,0,1,2,3,4,5,6,7,8,0,0.0,1,0,1,2,3,4,5,6,7,8,0,0.0,0,0,1,0,0,0,0,1.0,3.0,1.0,,,,,,
654,/server/regressdb/tss_lp54_WW37_LP4_CFG8_test_REGR__20220913_045412__andrei__CONFIG@r8699_VERIF@r8780_PHYTOP@r7165_SOFTIP@r7611_HARDIP@r7391_CSRINIT@r7265_FW@r7127/chain_0/phystate_tests/phystate/cfg_ch_1_x16_1to4_phystate_csr_cdn_vip/run_72/local_log.log,668,4,16,0,0,11944,1,1,12,6,1,1,1,0,1,1,0,0,18,2,6,1,146,0,6.0,1.0,1,2,0,0,0,16,6,0,588,15,15,3,0,8,1,4,0,1,6,7,8,9,0,1,2,3,4,5,0,0,0,1,2,3,4,5,6,7,8,0,0.0,1,0,1,2,3,4,5,6,7,8,0,0.0,0,0,1,0,0,0,0,1.0,3.0,1.0,,,,,,
655,/server/regressdb/tss_lp54_WW37_LP4_CFG8_test_REGR__20220913_045412__andrei__CONFIG@r8699_VERIF@r8780_PHYTOP@r7165_SOFTIP@r7611_HARDIP@r7391_CSRINIT@r7265_FW@r7127/chain_0/phystate_tests/phystate/cfg_ch_1_x16_1to4_phystate_csr_cdn_vip/run_72/local_log.log,850,4,16,0,0,9392,1,1,10,8,1,1,1,1,0,0,0,0,20,2,6,1,69,0,0.0,1.0,1,2,0,0,0,16,0,0,397,15,15,3,0,8,1,4,0,1,6,7,8,9,0,1,2,3,4,5,0,0,0,1,2,3,4,5,6,7,8,0,0.0,1,0,1,2,3,4,5,6,7,8,0,0.0,0,0,1,0,0,0,0,1.0,3.0,1.0,,,,,,
656,/server/regressdb/tss_lp54_WW37_LP4_CFG8_test_REGR__20220913_045412__andrei__CONFIG@r8699_VERIF@r8780_PHYTOP@r7165_SOFTIP@r7611_HARDIP@r7391_CSRINIT@r7265_FW@r7127/chain_0/phystate_tests/phystate/cfg_ch_1_x16_1to4_phystate_csr_cdn_vip/run_86/local_log.log,3628,4,16,0,0,2204,1,1,36,16,6,6,6,0,0,1,0,6,33,2,6,1,119,4,4.0,2.0,1,2,0,0,0,16,6,0,449,15,15,3,0,8,1,4,0,1,6,7,8,9,0,1,2,3,4,5,0,0,0,1,2,3,4,5,6,7,8,0,0.0,1,0,1,2,3,4,5,6,7,8,0,0.0,0,0,1,0,0,0,0,1.0,3.0,1.0,,,,,,
657,/server/regressdb/tss_lp54_WW37_LP4_CFG8_test_REGR__20220913_045412__andrei__CONFIG@r8699_VERIF@r8780_PHYTOP@r7165_SOFTIP@r7611_HARDIP@r7391_CSRINIT@r7265_FW@r7127/chain_0/phystate_tests/phystate/cfg_ch_1_x16_1to4_phystate_csr_cdn_vip/run_86/local_log.log,3830,4,16,0,0,2088,1,1,40,18,7,7,7,0,1,1,0,8,36,2,6,1,180,4,6.0,0.0,1,2,0,0,0,16,0,0,891,15,15,3,0,8,1,4,0,1,6,7,8,9,0,1,2,3,4,5,0,0,0,1,2,3,4,5,6,7,8,0,0.0,1,0,1,2,3,4,5,6,7,8,0,0.0,0,0,1,0,0,0,0,1.0,3.0,1.0,,,,,,
658,/server/regressdb/tss_lp54_WW37_LP4_CFG8_test_REGR__20220913_045412__andrei__CONFIG@r8699_VERIF@r8780_PHYTOP@r7165_SOFTIP@r7611_HARDIP@r7391_CSRINIT@r7265_FW@r7127/chain_0/phystate_tests/phystate/cfg_ch_1_x16_1to4_phystate_csr_cdn_vip/run_126/local_log.log,2122,4,16,0,0,3768,1,1,22,10,3,3,3,0,0,1,0,4,24,2,6,1,179,4,0.0,0.0,2,2,0,0,0,16,6,0,760,15,15,3,0,8,1,4,0,1,6,7,8,9,0,1,2,3,4,5,0,0,0,1,2,3,4,5,6,7,8,0,0.0,1,0,1,2,3,4,5,6,7,8,0,0.0,0,0,0,0,0,0,0,1.0,3.0,1.0,,,,,,
659,/server/regressdb/tss_lp54_WW37_LP4_CFG8_test_REGR__20220913_045412__andrei__CONFIG@r8699_VERIF@r8780_PHYTOP@r7165_SOFTIP@r7611_HARDIP@r7391_CSRINIT@r7265_FW@r7127/chain_0/phystate_tests/phystate/cfg_ch_1_x16_1to4_phystate_csr_cdn_vip/run_126/local_log.log,4016,4,16,0,0,1992,1,1,40,18,7,7,7,0,1,1,0,8,36,2,6,1,34,6,0.0,2.0,2,2,0,0,0,16,0,0,361,15,15,3,0,8,1,4,0,1,6,7,8,9,0,1,2,3,4,5,0,0,0,1,2,3,4,5,6,7,8,0,0.0,1,0,1,2,3,4,5,6,7,8,0,0.0,0,0,0,0,0,0,0,1.0,3.0,1.0,,,,,,
660,/server/regressdb/tss_lp54_WW37_LP4_CFG8_test_REGR__20220913_045412__andrei__CONFIG@r8699_VERIF@r8780_PHYTOP@r7165_SOFTIP@r7611_HARDIP@r7391_CSRINIT@r7265_FW@r7127/chain_0/dfi_driver_tests/demo_tb/LP4_DFI_DRIVER_rqm16_x16/run_17/local_log.log,4254,4,16,1,1,940,1,1,36,18,7,7,7,0,0,0,1,8,36,2,6,1,161,4,4.0,2.0,4,2,0,0,0,16,6,0,798,15,15,3,0,8,1,4,0,1,6,7,8,9,0,1,2,3,4,5,0,0,0,1,2,3,4,5,6,7,8,0,0.0,1,0,1,2,3,4,5,6,7,8,0,0.0,0,0,0,0,0,0,0,1.0,3.0,1.0,,,,,,
661,/server/regressdb/tss_lp54_WW37_LP4_CFG8_test_REGR__20220913_045412__andrei__CONFIG@r8699_VERIF@r8780_PHYTOP@r7165_SOFTIP@r7611_HARDIP@r7391_CSRINIT@r7265_FW@r7127/chain_0/dfi_driver_tests/demo_tb/LP4_DFI_DRIVER_rqm16_x16/run_17/local_log.log,4254,4,16,1,1,940,1,1,36,18,7,7,7,0,0,0,1,8,36,2,6,1,173,4,0.0,0.0,4,2,0,0,0,16,0,0,561,15,15,3,0,8,1,4,0,1,6,7,8,9,0,1,2,3,4,5,0,0,0,1,2,3,4,5,6,7,8,0,0.0,1,0,1,2,3,4,5,6,7,8,0,0.0,0,0,0,0,0,0,0,1.0,3.0,1.0,,,,,,
662,/server/regressdb/tss_lp54_WW37_LP4_CFG8_test_REGR__20220913_045412__andrei__CONFIG@r8699_VERIF@r8780_PHYTOP@r7165_SOFTIP@r7611_HARDIP@r7391_CSRINIT@r7265_FW@r7127/chain_0/dfi_driver_tests/demo_tb/LP4_DFI_DRIVER_rqm15_x16/run_7/local_log.log,4254,4,16,1,1,940,1,1,36,18,7,7,7,0,0,0,1,8,36,2,6,1,82,4,0.0,2.0,1,2,0,0,0,16,6,0,488,15,15,3,0,8,1,4,0,1,6,7,8,9,0,1,2,3,4,5,0,0,0,1,2,3,4,5,6,7,8,0,0.0,1,0,1,2,3,4,5,6,7,8,0,0.0,0,0,0,0,0,0,0,1.0,3.0,1.0,,,,,,
663,/server/regressdb/tss_lp54_WW37_LP4_CFG8_test_REGR__20220913_045412__andrei__CONFIG@r8699_VERIF@r8780_PHYTOP@r7165_SOFTIP@r7611_HARDIP@r7391_CSRINIT@r7265_FW@r7127/chain_0/dfi_driver_tests/demo_tb/LP4_DFI_DRIVER_rqm15_x16/run_7/local_log.log,4254,4,16,1,1,940,1,1,36,18,7,7,7,0,0,0,1,8,36,2,6,1,55,4,4.0,2.0,1,2,0,0,0,16,0,0,804,15,15,3,0,8,1,4,0,1,6,7,8,9,0,1,2,3,4,5,0,0,0,1,2,3,4,5,6,7,8,0,0.0,1,0,1,2,3,4,5,6,7,8,0,0.0,0,0,0,0,0,0,0,1.0,3.0,1.0,,,,,,
664,/server/regressdb/tss_lp54_WW37_LP4_CFG8_test_REGR__20220913_045412__andrei__CONFIG@r8699_VERIF@r8780_PHYTOP@r7165_SOFTIP@r7611_HARDIP@r7391_CSRINIT@r7265_FW@r7127/chain_0/dfi_driver_tests/demo_tb/LP4_DFI_DRIVER_rqm15_x16/run_42/local_log.log,4254,4,16,1,1,940,1,1,36,18,7,7,7,0,0,0,0,8,36,2,6,1,77,6,6.0,2.0,1,2,0,0,0,16,6,0,374,15,15,3,0,8,1,4,0,1,6,7,8,9,0,1,2,3,4,5,0,0,0,1,2,3,4,5,6,7,8,0,0.0,1,0,1,2,3,4,5,6,7,8,0,0.0,0,0,0,0,0,0,0,1.0,3.0,1.0,,,,,,
665,/server/regressdb/tss_lp54_WW37_LP4_CFG8_test_REGR__20220913_045412__andrei__CONFIG@r8699_VERIF@r8780_PHYTOP@r7165_SOFTIP@r7611_HARDIP@r7391_CSRINIT@r7265_FW@r7127/chain_0/dfi_driver_tests/demo_tb/LP4_DFI_DRIVER_rqm15_x16/run_42/local_log.log,4254,4,16,1,1,940,1,1,36,18,7,7,7,0,0,0,0,8,36,2,6,1,126,4,0.0,1.0,1,2,0,0,0,16,0,0,845,15,15,3,0,8,1,4,0,1,6,7,8,9,0,1,2,3,4,5,0,0,0,1,2,3,4,5,6,7,8,0,0.0,1,0,1,2,3,4,5,6,7,8,0,0.0,0,0,0,0,0,0,0,1.0,3.0,1.0,,,,,,
666,/server/regressdb/tss_lp54_WW37_LP4_CFG8_test_REGR__20220913_045412__andrei__CONFIG@r8699_VERIF@r8780_PHYTOP@r7165_SOFTIP@r7611_HARDIP@r7391_CSRINIT@r7265_FW@r7127/chain_0/dll_calib_tests/dll_calib/x16_mdll_mode4_no_drift/run_238/local_log.log,4264,4,16,1,0,938,1,1,40,18,7,7,7,0,1,1,0,8,36,2,6,1,196,6,4.0,1.0,1,2,0,0,0,16,4,0,478,15,15,3,0,8,0,4,0,1,6,7,8,9,0,1,2,3,4,5,0,0,0,1,2,3,4,5,6,7,8,0,0.0,1,0,1,2,3,4,5,6,7,8,0,0.0,0,0,2,0,0,0,0,1.0,,,,,,,,
667,/server/regressdb/tss_lp54_WW37_LP4_CFG8_test_REGR__20220913_045412__andrei__CONFIG@r8699_VERIF@r8780_PHYTOP@r7165_SOFTIP@r7611_HARDIP@r7391_CSRINIT@r7265_FW@r7127/chain_0/dll_calib_tests/dll_calib/x16_mdll_mode4_no_drift/run_238/local_log.log,4264,4,16,0,0,1876,1,1,36,18,7,7,7,0,0,0,1,8,36,2,6,1,138,6,0.0,2.0,1,2,0,0,0,16,4,0,770,15,15,3,0,8,0,4,0,1,6,7,8,9,0,1,2,3,4,5,0,0,0,1,2,3,4,5,6,7,8,0,0.0,1,0,1,2,3,4,5,6,7,8,0,0.0,0,0,2,0,0,0,0,1.0,,,,,,,,
668,/server/regressdb/tss_lp54_WW37_LP4_CFG8_test_REGR__20220913_045412__andrei__CONFIG@r8699_VERIF@r8780_PHYTOP@r7165_SOFTIP@r7611_HARDIP@r7391_CSRINIT@r7265_FW@r7127/chain_0/dll_calib_tests/dll_calib/x16_mdll_mode4_no_drift/run_229/local_log.log,4264,4,16,0,0,1876,1,1,40,34,7,7,7,1,1,1,0,24,52,2,6,1,244,6,0.0,2.0,1,2,0,0,0,16,4,0,362,15,15,3,0,8,0,4,0,1,6,7,8,9,0,1,2,3,4,5,0,0,0,1,2,3,4,5,6,7,8,0,0.0,1,0,1,2,3,4,5,6,7,8,0,0.0,0,0,0,0,0,0,0,1.0,,,,,,,,
669,/server/regressdb/tss_lp54_WW37_LP4_CFG8_test_REGR__20220913_045412__andrei__CONFIG@r8699_VERIF@r8780_PHYTOP@r7165_SOFTIP@r7611_HARDIP@r7391_CSRINIT@r7265_FW@r7127/chain_0/dll_calib_tests/dll_calib/x16_mdll_mode4_no_drift/run_229/local_log.log,4264,4,16,1,0,938,1,1,40,18,7,7,7,0,0,1,1,8,36,2,6,1,235,6,4.0,0.0,1,2,0,0,0,16,4,0,383,15,15,3,0,8,0,4,0,1,6,7,8,9,0,1,2,3,4,5,0,0,0,1,2,3,4,5,6,7,8,0,0.0,1,0,1,2,3,4,5,6,7,8,0,0.0,0,0,0,0,0,0,0,1.0,,,,,,,,
670,/server/regressdb/tss_lp54_WW37_LP4_CFG8_test_REGR__20220913_045412__andrei__CONFIG@r8699_VERIF@r8780_PHYTOP@r7165_SOFTIP@r7611_HARDIP@r7391_CSRINIT@r7265_FW@r7127/chain_0/dll_calib_tests/dll_calib/x16_mdll_mode4_no_drift/run_247/local_log.log,4264,4,16,0,0,1876,1,1,40,18,7,7,7,0,1,1,1,8,36,2,6,1,98,6,6.0,0.0,1,2,0,0,0,16,4,0,991,15,15,3,0,8,0,4,0,1,6,7,8,9,0,1,2,3,4,5,0,0,0,1,2,3,4,5,6,7,8,0,0.0,1,0,1,2,3,4,5,6,7,8,0,0.0,0,0,0,0,0,0,0,1.0,,,,,,,,
671,/server/regressdb/tss_lp54_WW37_LP4_CFG8_test_REGR__20220913_045412__andrei__CONFIG@r8699_VERIF@r8780_PHYTOP@r7165_SOFTIP@r7611_HARDIP@r7391_CSRINIT@r7265_FW@r7127/chain_0/dll_calib_tests/dll_calib/x16_mdll_mode4_no_drift/run_247/local_log.log,4264,4,16,1,0,938,1,1,40,18,7,7,7,0,0,1,0,8,36,2,6,1,81,4,0.0,2.0,1,2,0,0,0,16,4,0,309,15,15,3,0,8,0,4,0,1,6,7,8,9,0,1,2,3,4,5,0,0,0,1,2,3,4,5,6,7,8,0,0.0,1,0,1,2,3,4,5,6,7,8,0,0.0,0,0,0,0,0,0,0,1.0,,,,,,,,
672,/server/regressdb/tss_lp54_WW37_LP4_CFG8_test_REGR__20220913_045412__andrei__CONFIG@r8699_VERIF@r8780_PHYTOP@r7165_SOFTIP@r7611_HARDIP@r7391_CSRINIT@r7265_FW@r7127/chain_0/dll_calib_tests/dll_calib/x16_mdll_mode4_no_drift/run_196/local_log.log,4264,4,16,1,0,938,1,1,36,18,7,7,7,0,1,0,1,8,36,2,6,1,37,6,6.0,2.0,1,2,0,0,0,16,4,0,794,15,15,3,0,8,0,4,0,1,6,7,8,9,0,1,2,3,4,5,0,0,0,1,2,3,4,5,6,7,8,0,0.0,1,0,1,2,3,4,5,6,7,8,0,0.0,0,0,2,0,0,0,0,1.0,,,,,,,,
673,/server/regressdb/tss_lp54_WW37_LP4_CFG8_test_REGR__20220913_045412__andrei__CONFIG@r8699_VERIF@r8780_PHYTOP@r7165_SOFTIP@r7611_HARDIP@r7391_CSRINIT@r7265_FW@r7127/chain_0/dll_calib_tests/dll_calib/x16_mdll_mode4_no_drift/run_196/local_log.log,4264,4,16,1,0,938,1,1,40,18,7,7,7,0,0,1,1,8,36,2,6,1,190,4,4.0,0.0,1,2,0,0,0,16,4,0,640,15,15,3,0,8,0,4,0,1,6,7,8,9,0,1,2,3,4,5,0,0,0,1,2,3,4,5,6,7,8,0,0.0,1,0,1,2,3,4,5,6,7,8,0,0.0,0,0,2,0,0,0,0,1.0,,,,,,,,
674,/server/regressdb/tss_lp54_WW37_LP4_CFG8_test_REGR__20220913_045412__andrei__CONFIG@r8699_VERIF@r8780_PHYTOP@r7165_SOFTIP@r7611_HARDIP@r7391_CSRINIT@r7265_FW@r7127/chain_0/dll_calib_tests/dll_calib/x16_mdll_mode4_no_drift/run_14/local_log.log,4264,4,16,0,0,1876,1,1,40,34,7,7,7,1,0,1,1,24,52,2,6,1,13,4,0.0,2.0,1,2,0,0,0,16,4,0,896,15,15,3,0,8,0,4,0,1,6,7,8,9,0,1,2,3,4,5,0,0,0,1,2,3,4,5,6,7,8,0,0.0,1,0,1,2,3,4,5,6,7,8,0,0.0,0,0,1,0,0,0,0,1.0,,,,,,,,
675,/server/regressdb/tss_lp54_WW37_LP4_CFG8_test_REGR__20220913_045412__andrei__CONFIG@r8699_VERIF@r8780_PHYTOP@r7165_SOFTIP@r7611_HARDIP@r7391_CSRINIT@r7265_FW@r7127/chain_0/dll_calib_tests/dll_calib/x16_mdll_mode4_no_drift/run_14/local_log.log,4264,4,16,1,0,938,1,1,36,18,7,7,7,0,1,0,0,8,36,2,6,1,184,6,6.0,1.0,1,2,0,0,0,16,4,0,558,15,15,3,0,8,0,4,0,1,6,7,8,9,0,1,2,3,4,5,0,0,0,1,2,3,4,5,6,7,8,0,0.0,1,0,1,2,3,4,5,6,7,8,0,0.0,0,0,1,0,0,0,0,1.0,,,,,,,,
676,/server/regressdb/tss_lp54_WW37_LP4_CFG8_test_REGR__20220913_045412__andrei__CONFIG@r8699_VERIF@r8780_PHYTOP@r7165_SOFTIP@r7611_HARDIP@r7391_CSRINIT@r7265_FW@r7127/chain_0/dll_calib_tests/dll_calib/x16_mdll_mode4_no_drift/run_177/local_log.log,4264,4,16,0,0,1876,1,1,40,34,7,7,7,1,1,1,1,24,52,2,6,1,231,4,0.0,2.0,1,2,0,0,0,16,4,0,835,15,15,3,0,8,0,4,0,1,6,7,8,9,0,1,2,3,4,5,0,0,0,1,2,3,4,5,6,7,8,0,0.0,1,0,1,2,3,4,5,6,7,8,0,0.0,0,0,0,0,0,0,0,1.0,,,,,,,,
677,/server/regressdb/tss_lp54_WW37_LP4_CFG8_test_REGR__20220913_045412__andrei__CONFIG@r8699_VERIF@r8780_PHYTOP@r7165_SOFTIP@r7611_HARDIP@r7391_CSRINIT@r7265_FW@r7127/chain_0/dll_calib_tests/dll_calib/x16_mdll_mode4_no_drift/run_177/local_log.log,4264,4,16,0,0,1876,1,1,36,34,7,7,7,1,0,0,1,24,52,2,6,1,105,6,6.0,0.0,1,2,0,0,0,16,4,0,475,15,15,3,0,8,0,4,0,1,6,7,8,9,0,1,2,3,4,5,0,0,0,1,2,3,4,5,6,7,8,0,0.0,1,0,1,2,3,4,5,6,7,8,0,0.0,0,0,0,0,0,0,0,1.0,,,,,,,,
678,/server/regressdb/tss_lp54_WW37_LP4_CFG8_test_REGR__20220913_045412__andrei__CONFIG@r8699_VERIF@r8780_PHYTOP@r7165_SOFTIP@r7611_HARDIP@r7391_CSRINIT@r7265_FW@r7127/chain_0/dll_calib_tests/dll_calib/x16_mdll_mode4_no_drift/run_270/local_log.log,4264,4,16,1,0,938,1,1,40,34,7,7,7,1,0,1,1,24,52,2,6,1,230,6,6.0,2.0,1,2,0,0,0,16,4,0,691,15,15,3,0,8,0,4,0,1,6,7,8,9,0,1,2,3,4,5,0,0,0,1,2,3,4,5,6,7,8,0,0.0,1,0,1,2,3,4,5,6,7,8,0,0.0,0,0,1,0,0,0,0,1.0,,,,,,,,
679,/server/regressdb/tss_lp54_WW37_LP4_CFG8_test_REGR__20220913_045412__andrei__CONFIG@r8699_VERIF@r8780_PHYTOP@r7165_SOFTIP@r7611_HARDIP@r7391_CSRINIT@r7265_FW@r7127/chain_0/dll_calib_tests/dll_calib/x16_mdll_mode4_no_drift/run_270/local_log.log,4264,4,16,1,0,938,1,1,36,34,7,7,7,1,1,0,0,24,52,2,6,1,55,4,4.0,2.0,1,2,0,0,0,16,4,0,850,15,15,3,0,8,0,4,0,1,6,7,8,9,0,1,2,3,4,5,0,0,0,1,2,3,4,5,6,7,8,0,0.0,1,0,1,2,3,4,5,6,7,8,0,0.0,0,0,1,0,0,0,0,1.0,,,,,,,,
680,/server/regressdb/tss_lp54_WW37_LP4_CFG8_test_REGR__20220913_045412__andrei__CONFIG@r8699_VERIF@r8780_PHYTOP@r7165_SOFTIP@r7611_HARDIP@r7391_CSRINIT@r7265_FW@r7127/chain_0/dll_calib_tests/dll_calib/x16_mdll_mode4_no_drift/run_255/local_log.log,4264,4,16,1,0,938,1,1,36,34,7,7,7,1,1,0,0,24,52,2,6,1,236,4,6.0,0.0,1,2,0,0,0,16,4,0,781,15,15,3,0,8,0,4,0,1,6,7,8,9,0,1,2,3,4,5,0,0,0,1,2,3,4,5,6,7,8,0,0.0,1,0,1,2,3,4,5,6,7,8,0,0.0,0,0,1,0,0,0,0,1.0,,,,,,,,
681,/server/regressdb/tss_lp54_WW37_LP4_CFG8_test_REGR__20220913_045412__andrei__CONFIG@r8699_VERIF@r8780_PHYTOP@r7165_SOFTIP@r7611_HARDIP@r7391_CSRINIT@r7265_FW@r7127/chain_0/dll_calib_tests/dll_calib/x16_mdll_mode4_no_drift/run_255/local_log.log,4264,4,16,0,0,1876,1,1,40,18,7,7,7,0,0,1,0,8,36,2,6,1,224,4,0.0,2.0,1,2,0,0,0,16,4,0,760,15,15,3,0,8,0,4,0,1,6,7,8,9,0,1,2,3,4,5,0,0,0,1,2,3,4,5,6,7,8,0,0.0,1,0,1,2,3,4,5,6,7,8,0,0.0,0,0,1,0,0,0,0,1.0,,,,,,,,
682,/server/regressdb/tss_lp54_WW37_LP4_CFG8_test_REGR__20220913_045412__andrei__CONFIG@r8699_VERIF@r8780_PHYTOP@r7165_SOFTIP@r7611_HARDIP@r7391_CSRINIT@r7265_FW@r7127/chain_0/dll_calib_tests/dll_calib/x16_mdll_mode4_no_drift/run_214/local_log.log,4264,4,16,1,0,938,1,1,40,18,7,7,7,0,0,1,0,8,36,2,6,1,125,6,0.0,2.0,1,2,0,0,0,16,4,0,501,15,15,3,0,8,0,4,0,1,6,7,8,9,0,1,2,3,4,5,0,0,0,1,2,3,4,5,6,7,8,0,0.0,1,0,1,2,3,4,5,6,7,8,0,0.0,0,0,2,0,0,0,0,1.0,,,,,,,,
683,/server/regressdb/tss_lp54_WW37_LP4_CFG8_test_REGR__20220913_045412__andrei__CONFIG@r8699_VERIF@r8780_PHYTOP@r7165_SOFTIP@r7611_HARDIP@r7391_CSRINIT@r7265_FW@r7127/chain_0/dll_calib_tests/dll_calib/x16_mdll_mode4_no_drift/run_214/local_log.log,4264,4,16,0,0,1876,1,1,36,18,7,7,7,0,0,0,1,8,36,2,6,1,239,6,0.0,2.0,1,2,0,0,0,16,4,0,956,15,15,3,0,8,0,4,0,1,6,7,8,9,0,1,2,3,4,5,0,0,0,1,2,3,4,5,6,7,8,0,0.0,1,0,1,2,3,4,5,6,7,8,0,0.0,0,0,2,0,0,0,0,1.0,,,,,,,,
684,/server/regressdb/tss_lp54_WW37_LP4_CFG8_test_REGR__20220913_045412__andrei__CONFIG@r8699_VERIF@r8780_PHYTOP@r7165_SOFTIP@r7611_HARDIP@r7391_CSRINIT@r7265_FW@r7127/chain_0/dll_calib_tests/dll_calib/x16_mdll_mode4_no_drift/run_263/local_log.log,4264,4,16,1,0,938,1,1,36,34,7,7,7,1,1,0,1,24,52,2,6,1,168,4,6.0,2.0,1,2,0,0,0,16,4,0,862,15,15,3,0,8,0,4,0,1,6,7,8,9,0,1,2,3,4,5,0,0,0,1,2,3,4,5,6,7,8,0,0.0,1,0,1,2,3,4,5,6,7,8,0,0.0,0,0,1,0,0,0,0,1.0,,,,,,,,
685,/server/regressdb/tss_lp54_WW37_LP4_CFG8_test_REGR__20220913_045412__andrei__CONFIG@r8699_VERIF@r8780_PHYTOP@r7165_SOFTIP@r7611_HARDIP@r7391_CSRINIT@r7265_FW@r7127/chain_0/dll_calib_tests/dll_calib/x16_mdll_mode4_no_drift/run_263/local_log.log,4264,4,16,1,0,938,1,1,36,34,7,7,7,1,0,0,1,24,52,2,6,1,191,6,6.0,1.0,1,2,0,0,0,16,4,0,945,15,15,3,0,8,0,4,0,1,6,7,8,9,0,1,2,3,4,5,0,0,0,1,2,3,4,5,6,7,8,0,0.0,1,0,1,2,3,4,5,6,7,8,0,0.0,0,0,1,0,0,0,0,1.0,,,,,,,,
686,/server/regressdb/tss_lp54_WW37_LP4_CFG8_test_REGR__20220913_045412__andrei__CONFIG@r8699_VERIF@r8780_PHYTOP@r7165_SOFTIP@r7611_HARDIP@r7391_CSRINIT@r7265_FW@r7127/chain_0/dll_calib_tests/dll_calib/x16_mdll_mode6_no_drift/run_179/local_log.log,4264,4,16,0,0,1876,1,1,40,34,7,7,7,1,1,1,0,24,52,2,6,1,81,4,0.0,2.0,1,2,0,0,0,16,6,0,796,15,15,3,0,8,0,4,0,1,6,7,8,9,0,1,2,3,4,5,0,0,0,1,2,3,4,5,6,7,8,0,0.0,1,0,1,2,3,4,5,6,7,8,0,0.0,0,0,0,0,0,0,0,1.0,,,,,,,,
687,/server/regressdb/tss_lp54_WW37_LP4_CFG8_test_REGR__20220913_045412__andrei__CONFIG@r8699_VERIF@r8780_PHYTOP@r7165_SOFTIP@r7611_HARDIP@r7391_CSRINIT@r7265_FW@r7127/chain_0/dll_calib_tests/dll_calib/x16_mdll_mode6_no_drift/run_179/local_log.log,4264,4,16,1,0,938,1,1,40,34,7,7,7,1,0,1,0,24,52,2,6,1,158,4,0.0,2.0,1,2,0,0,0,16,6,0,780,15,15,3,0,8,0,4,0,1,6,7,8,9,0,1,2,3,4,5,0,0,0,1,2,3,4,5,6,7,8,0,0.0,1,0,1,2,3,4,5,6,7,8,0,0.0,0,0,0,0,0,0,0,1.0,,,,,,,,
688,/server/regressdb/tss_lp54_WW37_LP4_CFG8_test_REGR__20220913_045412__andrei__CONFIG@r8699_VERIF@r8780_PHYTOP@r7165_SOFTIP@r7611_HARDIP@r7391_CSRINIT@r7265_FW@r7127/chain_0/dll_calib_tests/dll_calib/x16_mdll_mode6_no_drift/run_265/local_log.log,4264,4,16,0,0,1876,1,1,40,34,7,7,7,1,0,1,0,24,52,2,6,1,233,4,0.0,1.0,1,2,0,0,0,16,6,0,749,15,15,3,0,8,0,4,0,1,6,7,8,9,0,1,2,3,4,5,0,0,0,1,2,3,4,5,6,7,8,0,0.0,1,0,1,2,3,4,5,6,7,8,0,0.0,0,0,2,0,0,0,0,1.0,,,,,,,,
689,/server/regressdb/tss_lp54_WW37_LP4_CFG8_test_REGR__20220913_045412__andrei__CONFIG@r8699_VERIF@r8780_PHYTOP@r7165_SOFTIP@r7611_HARDIP@r7391_CSRINIT@r7265_FW@r7127/chain_0/dll_calib_tests/dll_calib/x16_mdll_mode6_no_drift/run_265/local_log.log,4264,4,16,1,0,938,1,1,40,18,7,7,7,0,0,1,0,8,36,2,6,1,239,4,0.0,0.0,1,2,0,0,0,16,6,0,461,15,15,3,0,8,0,4,0,1,6,7,8,9,0,1,2,3,4,5,0,0,0,1,2,3,4,5,6,7,8,0,0.0,1,0,1,2,3,4,5,6,7,8,0,0.0,0,0,2,0,0,0,0,1.0,,,,,,,,
690,/server/regressdb/tss_lp54_WW37_LP4_CFG8_test_REGR__20220913_045412__andrei__CONFIG@r8699_VERIF@r8780_PHYTOP@r7165_SOFTIP@r7611_HARDIP@r7391_CSRINIT@r7265_FW@r7127/chain_0/dll_calib_tests/dll_calib/x16_mdll_mode6_no_drift/run_272/local_log.log,4264,4,16,1,0,938,1,1,36,34,7,7,7,1,1,0,1,24,52,2,6,1,122,6,0.0,2.0,1,2,0,0,0,16,6,0,614,15,15,3,0,8,0,4,0,1,6,7,8,9,0,1,2,3,4,5,0,0,0,1,2,3,4,5,6,7,8,0,0.0,1,0,1,2,3,4,5,6,7,8,0,0.0,0,0,2,0,0,0,0,1.0,,,,,,,,
691,/server/regressdb/tss_lp54_WW37_LP4_CFG8_test_REGR__20220913_045412__andrei__CONFIG@r8699_VERIF@r8780_PHYTOP@r7165_SOFTIP@r7611_HARDIP@r7391_CSRINIT@r7265_FW@r7127/chain_0/dll_calib_tests/dll_calib/x16_mdll_mode6_no_drift/run_272/local_log.log,4264,4,16,1,0,938,1,1,40,18,7,7,7,0,1,1,1,8,36,2,6,1,80,4,4.0,1.0,1,2,0,0,0,16,6,0,765,15,15,3,0,8,0,4,0,1,6,7,8,9,0,1,2,3,4,5,0,0,0,1,2,3,4,5,6,7,8,0,0.0,1,0,1,2,3,4,5,6,7,8,0,0.0,0,0,2,0,0,0,0,1.0,,,,,,,,
692,/server/regressdb/tss_lp54_WW37_LP4_CFG8_test_REGR__20220913_045412__andrei__CONFIG@r8699_VERIF@r8780_PHYTOP@r7165_SOFTIP@r7611_HARDIP@r7391_CSRINIT@r7265_FW@r7127/chain_0/dll_calib_tests/dll_calib/x16_mdll_mode6_no_drift/run_240/local_log.log,4264,4,16,1,0,938,1,1,36,34,7,7,7,1,0,0,0,24,52,2,6,1,44,4,6.0,1.0,1,2,0,0,0,16,6,0,252,15,15,3,0,8,0,4,0,1,6,7,8,9,0,1,2,3,4,5,0,0,0,1,2,3,4,5,6,7,8,0,0.0,1,0,1,2,3,4,5,6,7,8,0,0.0,0,0,2,0,0,0,0,1.0,,,,,,,,
693,/server/regressdb/tss_lp54_WW37_LP4_CFG8_test_REGR__20220913_045412__andrei__CONFIG@r8699_VERIF@r8780_PHYTOP@r7165_SOFTIP@r7611_HARDIP@r7391_CSRINIT@r7265_FW@r7127/chain_0/dll_calib_tests/dll_calib/x16_mdll_mode6_no_drift/run_240/local_log.log,4264,4,16,0,0,1876,1,1,36,18,7,7,7,0,1,0,0,8,36,2,6,1,237,4,6.0,2.0,1,2,0,0,0,16,6,0,536,15,15,3,0,8,0,4,0,1,6,7,8,9,0,1,2,3,4,5,0,0,0,1,2,3,4,5,6,7,8,0,0.0,1,0,1,2,3,4,5,6,7,8,0,0.0,0,0,2,0,0,0,0,1.0,,,,,,,,
694,/server/regressdb/tss_lp54_WW37_LP4_CFG8_test_REGR__20220913_045412__andrei__CONFIG@r8699_VERIF@r8780_PHYTOP@r7165_SOFTIP@r7611_HARDIP@r7391_CSRINIT@r7265_FW@r7127/chain_0/dll_calib_tests/dll_calib/x16_mdll_mode6_no_drift/run_23/local_log.log,4264,4,16,1,0,938,1,1,40,18,7,7,7,0,1,1,0,8,36,2,6,1,251,6,0.0,0.0,1,2,0,0,0,16,6,0,699,15,15,3,0,8,0,4,0,1,6,7,8,9,0,1,2,3,4,5,0,0,0,1,2,3,4,5,6,7,8,0,0.0,1,0,1,2,3,4,5,6,7,8,0,0.0,0,0,1,0,0,0,0,1.0,,,,,,,,
695,/server/regressdb/tss_lp54_WW37_LP4_CFG8_test_REGR__20220913_045412__andrei__CONFIG@r8699_VERIF@r8780_PHYTOP@r7165_SOFTIP@r7611_HARDIP@r7391_CSRINIT@r7265_FW@r7127/chain_0/dll_calib_tests/dll_calib/x16_mdll_mode6_no_drift/run_23/local_log.log,4264,4,16,1,0,938,1,1,40,34,7,7,7,1,1,1,0,24,52,2,6,1,172,6,4.0,1.0,1,2,0,0,0,16,6,0,824,15,15,3,0,8,0,4,0,1,6,7,8,9,0,1,2,3,4,5,0,0,0,1,2,3,4,5,6,7,8,0,0.0,1,0,1,2,3,4,5,6,7,8,0,0.0,0,0,1,0,0,0,0,1.0,,,,,,,,
696,/server/regressdb/tss_lp54_WW37_LP4_CFG8_test_REGR__20220913_045412__andrei__CONFIG@r8699_VERIF@r8780_PHYTOP@r7165_SOFTIP@r7611_HARDIP@r7391_CSRINIT@r7265_FW@r7127/chain_0/dll_calib_tests/dll_calib/x16_mdll_mode6_no_drift/run_249/local_log.log,4264,4,16,0,0,1876,1,1,40,34,7,7,7,1,1,1,0,24,52,2,6,1,219,4,4.0,1.0,1,2,0,0,0,16,6,0,629,15,15,3,0,8,0,4,0,1,6,7,8,9,0,1,2,3,4,5,0,0,0,1,2,3,4,5,6,7,8,0,0.0,1,0,1,2,3,4,5,6,7,8,0,0.0,0,0,0,0,0,0,0,1.0,,,,,,,,
697,/server/regressdb/tss_lp54_WW37_LP4_CFG8_test_REGR__20220913_045412__andrei__CONFIG@r8699_VERIF@r8780_PHYTOP@r7165_SOFTIP@r7611_HARDIP@r7391_CSRINIT@r7265_FW@r7127/chain_0/dll_calib_tests/dll_calib/x16_mdll_mode6_no_drift/run_249/local_log.log,4264,4,16,1,0,938,1,1,36,34,7,7,7,1,0,0,1,24,52,2,6,1,192,6,0.0,2.0,1,2,0,0,0,16,6,0,279,15,15,3,0,8,0,4,0,1,6,7,8,9,0,1,2,3,4,5,0,0,0,1,2,3,4,5,6,7,8,0,0.0,1,0,1,2,3,4,5,6,7,8,0,0.0,0,0,0,0,0,0,0,1.0,,,,,,,,
698,/server/regressdb/tss_lp54_WW37_LP4_CFG8_test_REGR__20220913_045412__andrei__CONFIG@r8699_VERIF@r8780_PHYTOP@r7165_SOFTIP@r7611_HARDIP@r7391_CSRINIT@r7265_FW@r7127/chain_0/dll_calib_tests/dll_calib/x16_mdll_mode6_no_drift/run_198/local_log.log,4264,4,16,1,0,938,1,1,40,34,7,7,7,1,0,1,1,24,52,2,6,1,23,4,6.0,1.0,1,2,0,0,0,16,6,0,640,15,15,3,0,8,0,4,0,1,6,7,8,9,0,1,2,3,4,5,0,0,0,1,2,3,4,5,6,7,8,0,0.0,1,0,1,2,3,4,5,6,7,8,0,0.0,0,0,1,0,0,0,0,1.0,,,,,,,,
699,/server/regressdb/tss_lp54_WW37_LP4_CFG8_test_REGR__20220913_045412__andrei__CONFIG@r8699_VERIF@r8780_PHYTOP@r7165_SOFTIP@r7611_HARDIP@r7391_CSRINIT@r7265_FW@r7127/chain_0/dll_calib_tests/dll_calib/x16_mdll_mode6_no_drift/run_198/local_log.log,4264,4,16,1,0,938,1,1,36,18,7,7,7,0,1,0,0,8,36,2,6,1,245,6,4.0,0.0,1,2,0,0,0,16,6,0,904,15,15,3,0,8,0,4,0,1,6,7,8,9,0,1,2,3,4,5,0,0,0,1,2,3,4,5,6,7,8,0,0.0,1,0,1,2,3,4,5,6,7,8,0,0.0,0,0,1,0,0,0,0,1.0,,,,,,,,
700,/server/regressdb/tss_lp54_WW37_LP4_CFG8_test_REGR__20220913_045412__andrei__CONFIG@r8699_VERIF@r8780_PHYTOP@r7165_SOFTIP@r7611_HARDIP@r7391_CSRINIT@r7265_FW@r7127/chain_0/dll_calib_tests/dll_calib/x16_mdll_mode6_no_drift/run_231/local_log.log,4264,4,16,0,0,1876,1,1,40,18,7,7,7,0,1,1,1,8,36,2,6,1,198,4,6.0,2.0,1,2,0,0,0,16,6,0,294,15,15,3,0,8,0,4,0,1,6,7,8,9,0,1,2,3,4,5,0,0,0,1,2,3,4,5,6,7,8,0,0.0,1,0,1,2,3,4,5,6,7,8,0,0.0,0,0,0,0,0,0,0,1.0,,,,,,,,
701,/server/regressdb/tss_lp54_WW37_LP4_CFG8_test_REGR__20220913_045412__andrei__CONFIG@r8699_VERIF@r8780_PHYTOP@r7165_SOFTIP@r7611_HARDIP@r7391_CSRINIT@r7265_FW@r7127/chain_0/dll_calib_tests/dll_calib/x16_mdll_mode6_no_drift/run_231/local_log.log,4264,4,16,0,0,1876,1,1,40,34,7,7,7,1,1,1,1,24,52,2,6,1,198,6,6.0,0.0,1,2,0,0,0,16,6,0,523,15,15,3,0,8,0,4,0,1,6,7,8,9,0,1,2,3,4,5,0,0,0,1,2,3,4,5,6,7,8,0,0.0,1,0,1,2,3,4,5,6,7,8,0,0.0,0,0,0,0,0,0,0,1.0,,,,,,,,
702,/server/regressdb/tss_lp54_WW37_LP4_CFG8_test_REGR__20220913_045412__andrei__CONFIG@r8699_VERIF@r8780_PHYTOP@r7165_SOFTIP@r7611_HARDIP@r7391_CSRINIT@r7265_FW@r7127/chain_0/dll_calib_tests/dll_calib/x16_mdll_mode6_no_drift/run_216/local_log.log,4264,4,16,0,0,1876,1,1,40,34,7,7,7,1,1,1,0,24,52,2,6,1,154,4,6.0,1.0,1,2,0,0,0,16,6,0,318,15,15,3,0,8,0,4,0,1,6,7,8,9,0,1,2,3,4,5,0,0,0,1,2,3,4,5,6,7,8,0,0.0,1,0,1,2,3,4,5,6,7,8,0,0.0,0,0,1,0,0,0,0,1.0,,,,,,,,
703,/server/regressdb/tss_lp54_WW37_LP4_CFG8_test_REGR__20220913_045412__andrei__CONFIG@r8699_VERIF@r8780_PHYTOP@r7165_SOFTIP@r7611_HARDIP@r7391_CSRINIT@r7265_FW@r7127/chain_0/dll_calib_tests/dll_calib/x16_mdll_mode6_no_drift/run_216/local_log.log,4264,4,16,1,0,938,1,1,36,18,7,7,7,0,1,0,0,8,36,2,6,1,120,6,0.0,2.0,1,2,0,0,0,16,6,0,257,15,15,3,0,8,0,4,0,1,6,7,8,9,0,1,2,3,4,5,0,0,0,1,2,3,4,5,6,7,8,0,0.0,1,0,1,2,3,4,5,6,7,8,0,0.0,0,0,1,0,0,0,0,1.0,,,,,,,,
704,/server/regressdb/tss_lp54_WW37_LP4_CFG8_test_REGR__20220913_045412__andrei__CONFIG@r8699_VERIF@r8780_PHYTOP@r7165_SOFTIP@r7611_HARDIP@r7391_CSRINIT@r7265_FW@r7127/chain_0/dll_calib_tests/dll_calib/x16_mdll_mode6_no_drift/run_257/local_log.log,4264,4,16,0,0,1876,1,1,36,34,7,7,7,1,0,0,1,24,52,2,6,1,79,6,0.0,1.0,1,2,0,0,0,16,6,0,538,15,15,3,0,8,0,4,0,1,6,7,8,9,0,1,2,3,4,5,0,0,0,1,2,3,4,5,6,7,8,0,0.0,1,0,1,2,3,4,5,6,7,8,0,0.0,0,0,0,0,0,0,0,1.0,,,,,,,,
705,/server/regressdb/tss_lp54_WW37_LP4_CFG8_test_REGR__20220913_045412__andrei__CONFIG@r8699_VERIF@r8780_PHYTOP@r7165_SOFTIP@r7611_HARDIP@r7391_CSRINIT@r7265_FW@r7127/chain_0/dll_calib_tests/dll_calib/x16_mdll_mode6_no_drift/run_257/local_log.log,4264,4,16,1,0,938,1,1,36,34,7,7,7,1,1,0,0,24,52,2,6,1,122,6,4.0,0.0,1,2,0,0,0,16,6,0,955,15,15,3,0,8,0,4,0,1,6,7,8,9,0,1,2,3,4,5,0,0,0,1,2,3,4,5,6,7,8,0,0.0,1,0,1,2,3,4,5,6,7,8,0,0.0,0,0,0,0,0,0,0,1.0,,,,,,,,
706,/server/regressdb/tss_lp54_WW37_LP4_CFG8_test_REGR__20220913_045412__andrei__CONFIG@r8699_VERIF@r8780_PHYTOP@r7165_SOFTIP@r7611_HARDIP@r7391_CSRINIT@r7265_FW@r7127/chain_0/dll_calib_tests/dll_calib/x16_mdll_mode5_drift/run_271/local_log.log,4264,4,16,1,0,938,1,1,40,34,7,7,7,1,1,1,1,24,52,2,6,1,55,6,0.0,0.0,1,2,0,0,0,16,5,1,351,15,15,3,0,8,0,4,0,1,6,7,8,9,0,1,2,3,4,5,0,0,0,1,2,3,4,5,6,7,8,0,0.0,1,0,1,2,3,4,5,6,7,8,0,0.0,0,0,2,0,0,0,0,1.0,,,,,,,,
707,/server/regressdb/tss_lp54_WW37_LP4_CFG8_test_REGR__20220913_045412__andrei__CONFIG@r8699_VERIF@r8780_PHYTOP@r7165_SOFTIP@r7611_HARDIP@r7391_CSRINIT@r7265_FW@r7127/chain_0/dll_calib_tests/dll_calib/x16_mdll_mode5_drift/run_271/local_log.log,4264,4,16,1,0,938,1,1,36,34,7,7,7,1,0,0,0,24,52,2,6,1,221,4,0.0,0.0,1,2,0,0,0,16,5,1,695,15,15,3,0,8,0,4,0,1,6,7,8,9,0,1,2,3,4,5,0,0,0,1,2,3,4,5,6,7,8,0,0.0,1,0,1,2,3,4,5,6,7,8,0,0.0,0,0,2,0,0,0,0,1.0,,,,,,,,
708,/server/regressdb/tss_lp54_WW37_LP4_CFG8_test_REGR__20220913_045412__andrei__CONFIG@r8699_VERIF@r8780_PHYTOP@r7165_SOFTIP@r7611_HARDIP@r7391_CSRINIT@r7265_FW@r7127/chain_0/dll_calib_tests/dll_calib/x16_mdll_mode5_drift/run_256/local_log.log,4264,4,16,0,0,1876,1,1,36,34,7,7,7,1,1,0,0,24,52,2,6,1,210,4,0.0,0.0,1,2,0,0,0,16,5,1,945,15,15,3,0,8,0,4,0,1,6,7,8,9,0,1,2,3,4,5,0,0,0,1,2,3,4,5,6,7,8,0,0.0,1,0,1,2,3,4,5,6,7,8,0,0.0,0,0,0,0,0,0,0,1.0,,,,,,,,
709,/server/regressdb/tss_lp54_WW37_LP4_CFG8_test_REGR__20220913_045412__andrei__CONFIG@r8699_VERIF@r8780_PHYTOP@r7165_SOFTIP@r7611_HARDIP@r7391_CSRINIT@r7265_FW@r7127/chain_0/dll_calib_tests/dll_calib/x16_mdll_mode5_drift/run_256/local_log.log,4264,4,16,1,0,938,1,1,36,18,7,7,7,0,1,0,1,8,36,2,6,1,180,6,6.0,1.0,1,2,0,0,0,16,5,1,836,15,15,3,0,8,0,4,0,1,6,7,8,9,0,1,2,3,4,5,0,0,0,1,2,3,4,5,6,7,8,0,0.0,1,0,1,2,3,4,5,6,7,8,0,0.0,0,0,0,0,0,0,0,1.0,,,,,,,,
710,/server/regressdb/tss_lp54_WW37_LP4_CFG8_test_REGR__20220913_045412__andrei__CONFIG@r8699_VERIF@r8780_PHYTOP@r7165_SOFTIP@r7611_HARDIP@r7391_CSRINIT@r7265_FW@r7127/chain_0/dll_calib_tests/dll_calib/x16_mdll_mode5_drift/run_197/local_log.log,4264,4,16,0,0,1876,1,1,40,18,7,7,7,0,1,1,0,8,36,2,6,1,193,4,6.0,0.0,1,2,0,0,0,16,5,1,276,15,15,3,0,8,0,4,0,1,6,7,8,9,0,1,2,3,4,5,0,0,0,1,2,3,4,5,6,7,8,0,0.0,1,0,1,2,3,4,5,6,7,8,0,0.0,0,0,1,0,0,0,0,1.0,,,,,,,,
711,/server/regressdb/tss_lp54_WW37_LP4_CFG8_test_REGR__20220913_045412__andrei__CONFIG@r8699_VERIF@r8780_PHYTOP@r7165_SOFTIP@r7611_HARDIP@r7391_CSRINIT@r7265_FW@r7127/chain_0/dll_calib_tests/dll_calib/x16_mdll_mode5_drift/run_197/local_log.log,4264,4,16,1,0,938,1,1,36,34,7,7,7,1,0,0,0,24,52,2,6,1,192,6,6.0,2.0,1,2,0,0,0,16,5,1,753,15,15,3,0,8,0,4,0,1,6,7,8,9,0,1,2,3,4,5,0,0,0,1,2,3,4,5,6,7,8,0,0.0,1,0,1,2,3,4,5,6,7,8,0,0.0,0,0,1,0,0,0,0,1.0,,,,,,,,
712,/server/regressdb/tss_lp54_WW37_LP4_CFG8_test_REGR__20220913_045412__andrei__CONFIG@r8699_VERIF@r8780_PHYTOP@r7165_SOFTIP@r7611_HARDIP@r7391_CSRINIT@r7265_FW@r7127/chain_0/dll_calib_tests/dll_calib/x16_mdll_mode5_drift/run_19/local_log.log,4264,4,16,0,0,1876,1,1,40,34,7,7,7,1,0,1,1,24,52,2,6,1,216,4,0.0,2.0,1,2,0,0,0,16,5,1,440,15,15,3,0,8,0,4,0,1,6,7,8,9,0,1,2,3,4,5,0,0,0,1,2,3,4,5,6,7,8,0,0.0,1,0,1,2,3,4,5,6,7,8,0,0.0,0,0,0,0,0,0,0,1.0,,,,,,,,
713,/server/regressdb/tss_lp54_WW37_LP4_CFG8_test_REGR__20220913_045412__andrei__CONFIG@r8699_VERIF@r8780_PHYTOP@r7165_SOFTIP@r7611_HARDIP@r7391_CSRINIT@r7265_FW@r7127/chain_0/dll_calib_tests/dll_calib/x16_mdll_mode5_drift/run_19/local_log.log,4264,4,16,0,0,1876,1,1,36,34,7,7,7,1,0,0,1,24,52,2,6,1,143,6,6.0,2.0,1,2,0,0,0,16,5,1,715,15,15,3,0,8,0,4,0,1,6,7,8,9,0,1,2,3,4,5,0,0,0,1,2,3,4,5,6,7,8,0,0.0,1,0,1,2,3,4,5,6,7,8,0,0.0,0,0,0,0,0,0,0,1.0,,,,,,,,
714,/server/regressdb/tss_lp54_WW37_LP4_CFG8_test_REGR__20220913_045412__andrei__CONFIG@r8699_VERIF@r8780_PHYTOP@r7165_SOFTIP@r7611_HARDIP@r7391_CSRINIT@r7265_FW@r7127/chain_0/dll_calib_tests/dll_calib/x16_mdll_mode5_drift/run_215/local_log.log,4264,4,16,1,0,938,1,1,36,18,7,7,7,0,1,0,1,8,36,2,6,1,138,4,4.0,1.0,1,2,0,0,0,16,5,1,529,15,15,3,0,8,0,4,0,1,6,7,8,9,0,1,2,3,4,5,0,0,0,1,2,3,4,5,6,7,8,0,0.0,1,0,1,2,3,4,5,6,7,8,0,0.0,0,0,2,0,0,0,0,1.0,,,,,,,,
715,/server/regressdb/tss_lp54_WW37_LP4_CFG8_test_REGR__20220913_045412__andrei__CONFIG@r8699_VERIF@r8780_PHYTOP@r7165_SOFTIP@r7611_HARDIP@r7391_CSRINIT@r7265_FW@r7127/chain_0/dll_calib_tests/dll_calib/x16_mdll_mode5_drift/run_215/local_log.log,4264,4,16,1,0,938,1,1,40,18,7,7,7,0,1,1,0,8,36,2,6,1,22,4,6.0,1.0,1,2,0,0,0,16,5,1,546,15,15,3,0,8,0,4,0,1,6,7,8,9,0,1,2,3,4,5,0,0,0,1,2,3,4,5,6,7,8,0,0.0,1,0,1,2,3,4,5,6,7,8,0,0.0,0,0,2,0,0,0,0,1.0,,,,,,,,
716,/server/regressdb/tss_lp54_WW37_LP4_CFG8_test_REGR__20220913_045412__andrei__CONFIG@r8699_VERIF@r8780_PHYTOP@r7165_SOFTIP@r7611_HARDIP@r7391_CSRINIT@r7265_FW@r7127/chain_0/dll_calib_tests/dll_calib/x16_mdll_mode5_drift/run_230/local_log.log,4264,4,16,0,0,1876,1,1,36,34,7,7,7,1,1,0,1,24,52,2,6,1,11,6,4.0,1.0,1,2,0,0,0,16,5,1,947,15,15,3,0,8,0,4,0,1,6,7,8,9,0,1,2,3,4,5,0,0,0,1,2,3,4,5,6,7,8,0,0.0,1,0,1,2,3,4,5,6,7,8,0,0.0,0,0,0,0,0,0,0,1.0,,,,,,,,
717,/server/regressdb/tss_lp54_WW37_LP4_CFG8_test_REGR__20220913_045412__andrei__CONFIG@r8699_VERIF@r8780_PHYTOP@r7165_SOFTIP@r7611_HARDIP@r7391_CSRINIT@r7265_FW@r7127/chain_0/dll_calib_tests/dll_calib/x16_mdll_mode5_drift/run_230/local_log.log,4264,4,16,1,0,938,1,1,40,34,7,7,7,1,0,1,1,24,52,2,6,1,167,6,4.0,0.0,1,2,0,0,0,16,5,1,221,15,15,3,0,8,0,4,0,1,6,7,8,9,0,1,2,3,4,5,0,0,0,1,2,3,4,5,6,7,8,0,0.0,1,0,1,2,3,4,5,6,7,8,0,0.0,0,0,0,0,0,0,0,1.0,,,,,,,,
718,/server/regressdb/tss_lp54_WW37_LP4_CFG8_test_REGR__20220913_045412__andrei__CONFIG@r8699_VERIF@r8780_PHYTOP@r7165_SOFTIP@r7611_HARDIP@r7391_CSRINIT@r7265_FW@r7127/chain_0/dll_calib_tests/dll_calib/x16_mdll_mode5_drift/run_264/local_log.log,4264,4,16,0,0,1876,1,1,40,34,7,7,7,1,1,1,0,24,52,2,6,1,28,6,6.0,0.0,1,2,0,0,0,16,5,1,738,15,15,3,0,8,0,4,0,1,6,7,8,9,0,1,2,3,4,5,0,0,0,1,2,3,4,5,6,7,8,0,0.0,1,0,1,2,3,4,5,6,7,8,0,0.0,0,0,2,0,0,0,0,1.0,,,,,,,,
719,/server/regressdb/tss_lp54_WW37_LP4_CFG8_test_REGR__20220913_045412__andrei__CONFIG@r8699_VERIF@r8780_PHYTOP@r7165_SOFTIP@r7611_HARDIP@r7391_CSRINIT@r7265_FW@r7127/chain_0/dll_calib_tests/dll_calib/x16_mdll_mode5_drift/run_264/local_log.log,4264,4,16,1,0,938,1,1,40,18,7,7,7,0,1,1,0,8,36,2,6,1,216,6,0.0,2.0,1,2,0,0,0,16,5,1,947,15,15,3,0,8,0,4,0,1,6,7,8,9,0,1,2,3,4,5,0,0,0,1,2,3,4,5,6,7,8,0,0.0,1,0,1,2,3,4,5,6,7,8,0,0.0,0,0,2,0,0,0,0,1.0,,,,,,,,
720,/server/regressdb/tss_lp54_WW37_LP4_CFG8_test_REGR__20220913_045412__andrei__CONFIG@r8699_VERIF@r8780_PHYTOP@r7165_SOFTIP@r7611_HARDIP@r7391_CSRINIT@r7265_FW@r7127/chain_0/dll_calib_tests/dll_calib/x16_mdll_mode5_drift/run_178/local_log.log,4264,4,16,1,0,938,1,1,36,34,7,7,7,1,0,0,0,24,52,2,6,1,117,4,0.0,1.0,1,2,0,0,0,16,5,1,344,15,15,3,0,8,0,4,0,1,6,7,8,9,0,1,2,3,4,5,0,0,0,1,2,3,4,5,6,7,8,0,0.0,1,0,1,2,3,4,5,6,7,8,0,0.0,0,0,2,0,0,0,0,1.0,,,,,,,,
721,/server/regressdb/tss_lp54_WW37_LP4_CFG8_test_REGR__20220913_045412__andrei__CONFIG@r8699_VERIF@r8780_PHYTOP@r7165_SOFTIP@r7611_HARDIP@r7391_CSRINIT@r7265_FW@r7127/chain_0/dll_calib_tests/dll_calib/x16_mdll_mode5_drift/run_178/local_log.log,4264,4,16,1,0,938,1,1,40,34,7,7,7,1,0,1,0,24,52,2,6,1,196,4,6.0,2.0,1,2,0,0,0,16,5,1,317,15,15,3,0,8,0,4,0,1,6,7,8,9,0,1,2,3,4,5,0,0,0,1,2,3,4,5,6,7,8,0,0.0,1,0,1,2,3,4,5,6,7,8,0,0.0,0,0,2,0,0,0,0,1.0,,,,,,,,
722,/server/regressdb/tss_lp54_WW37_LP4_CFG8_test_REGR__20220913_045412__andrei__CONFIG@r8699_VERIF@r8780_PHYTOP@r7165_SOFTIP@r7611_HARDIP@r7391_CSRINIT@r7265_FW@r7127/chain_0/dll_calib_tests/dll_calib/x16_mdll_mode5_drift/run_248/local_log.log,4264,4,16,0,0,1876,1,1,36,18,7,7,7,0,0,0,1,8,36,2,6,1,87,6,0.0,1.0,1,2,0,0,0,16,5,1,925,15,15,3,0,8,0,4,0,1,6,7,8,9,0,1,2,3,4,5,0,0,0,1,2,3,4,5,6,7,8,0,0.0,1,0,1,2,3,4,5,6,7,8,0,0.0,0,0,1,0,0,0,0,1.0,,,,,,,,
723,/server/regressdb/tss_lp54_WW37_LP4_CFG8_test_REGR__20220913_045412__andrei__CONFIG@r8699_VERIF@r8780_PHYTOP@r7165_SOFTIP@r7611_HARDIP@r7391_CSRINIT@r7265_FW@r7127/chain_0/dll_calib_tests/dll_calib/x16_mdll_mode5_drift/run_248/local_log.log,4264,4,16,0,0,1876,1,1,40,18,7,7,7,0,0,1,0,8,36,2,6,1,159,4,4.0,1.0,1,2,0,0,0,16,5,1,394,15,15,3,0,8,0,4,0,1,6,7,8,9,0,1,2,3,4,5,0,0,0,1,2,3,4,5,6,7,8,0,0.0,1,0,1,2,3,4,5,6,7,8,0,0.0,0,0,1,0,0,0,0,1.0,,,,,,,,
724,/server/regressdb/tss_lp54_WW37_LP4_CFG8_test_REGR__20220913_045412__andrei__CONFIG@r8699_VERIF@r8780_PHYTOP@r7165_SOFTIP@r7611_HARDIP@r7391_CSRINIT@r7265_FW@r7127/chain_0/dll_calib_tests/dll_calib/x16_mdll_mode5_drift/run_239/local_log.log,4264,4,16,1,0,938,1,1,40,34,7,7,7,1,1,1,1,24,52,2,6,1,168,4,4.0,0.0,1,2,0,0,0,16,5,1,653,15,15,3,0,8,0,4,0,1,6,7,8,9,0,1,2,3,4,5,0,0,0,1,2,3,4,5,6,7,8,0,0.0,1,0,1,2,3,4,5,6,7,8,0,0.0,0,0,2,0,0,0,0,1.0,,,,,,,,
725,/server/regressdb/tss_lp54_WW37_LP4_CFG8_test_REGR__20220913_045412__andrei__CONFIG@r8699_VERIF@r8780_PHYTOP@r7165_SOFTIP@r7611_HARDIP@r7391_CSRINIT@r7265_FW@r7127/chain_0/dll_calib_tests/dll_calib/x16_mdll_mode5_drift/run_239/local_log.log,4264,4,16,0,0,1876,1,1,36,18,7,7,7,0,0,0,0,8,36,2,6,1,197,6,0.0,2.0,1,2,0,0,0,16,5,1,235,15,15,3,0,8,0,4,0,1,6,7,8,9,0,1,2,3,4,5,0,0,0,1,2,3,4,5,6,7,8,0,0.0,1,0,1,2,3,4,5,6,7,8,0,0.0,0,0,2,0,0,0,0,1.0,,,,,,,,
726,/server/regressdb/tss_lp54_WW37_LP4_CFG8_test_REGR__20220913_045412__andrei__CONFIG@r8699_VERIF@r8780_PHYTOP@r7165_SOFTIP@r7611_HARDIP@r7391_CSRINIT@r7265_FW@r7127/chain_0/demo_tb_tests/demo_tb/ProductionTestMode_swizzle_fbm1/run_35/local_log.log,4264,4,16,0,0,1876,1,1,40,18,7,7,7,0,1,1,0,8,36,2,6,1,164,4,4.0,1.0,1,2,0,0,0,16,6,0,827,15,15,3,0,8,1,4,0,1,6,7,8,9,5,4,3,2,1,0,0,1,3,2,1,0,8,7,6,5,4,1,0.0,0,3,2,1,0,8,7,6,5,4,1,0.0,0,0,0,0,0,0,0,1.0,3.0,1.0,,,,,,
727,/server/regressdb/tss_lp54_WW37_LP4_CFG8_test_REGR__20220913_045412__andrei__CONFIG@r8699_VERIF@r8780_PHYTOP@r7165_SOFTIP@r7611_HARDIP@r7391_CSRINIT@r7265_FW@r7127/chain_0/demo_tb_tests/demo_tb/ProductionTestMode_swizzle_fbm1/run_35/local_log.log,4264,4,16,0,0,1876,1,1,40,34,7,7,7,1,1,1,1,24,52,2,6,1,64,4,6.0,1.0,1,2,0,0,0,16,0,0,815,15,15,3,0,8,1,4,0,1,6,7,8,9,5,4,3,2,1,0,0,1,3,2,1,0,8,7,6,5,4,1,0.0,0,3,2,1,0,8,7,6,5,4,1,0.0,0,0,0,0,0,0,0,1.0,3.0,1.0,,1.0,,,,
728,/server/regressdb/tss_lp54_WW37_LP4_CFG8_test_REGR__20220913_045412__andrei__CONFIG@r8699_VERIF@r8780_PHYTOP@r7165_SOFTIP@r7611_HARDIP@r7391_CSRINIT@r7265_FW@r7127/chain_0/demo_tb_tests/demo_tb/LP4_cfg6_breakpoint_goto_test_xrun/run_36/local_log.log,1744,4,16,1,0,2292,1,1,22,18,3,3,3,1,1,1,0,12,32,2,6,1,193,6,4.0,1.0,1,2,0,0,0,16,6,0,973,15,15,3,0,8,1,4,0,1,6,7,8,9,0,1,2,3,4,5,0,0,0,1,2,3,4,5,6,7,8,0,0.0,1,0,1,2,3,4,5,6,7,8,0,0.0,0,0,1,0,0,0,0,1.0,3.0,1.0,,,,,,
729,/server/regressdb/tss_lp54_WW37_LP4_CFG8_test_REGR__20220913_045412__andrei__CONFIG@r8699_VERIF@r8780_PHYTOP@r7165_SOFTIP@r7611_HARDIP@r7391_CSRINIT@r7265_FW@r7127/chain_0/demo_tb_tests/demo_tb/LP4_cfg6_breakpoint_goto_test_xrun/run_36/local_log.log,2652,4,16,0,0,3016,1,1,28,22,4,4,4,1,1,1,1,14,37,2,6,1,187,6,0.0,0.0,1,2,0,0,0,16,0,0,966,15,15,3,0,8,1,4,0,1,6,7,8,9,0,1,2,3,4,5,0,0,0,1,2,3,4,5,6,7,8,0,0.0,1,0,1,2,3,4,5,6,7,8,0,0.0,0,0,1,0,0,0,0,1.0,3.0,1.0,,,1.0,,,
730,/server/regressdb/tss_lp54_WW37_LP4_CFG8_test_REGR__20220913_045412__andrei__CONFIG@r8699_VERIF@r8780_PHYTOP@r7165_SOFTIP@r7611_HARDIP@r7391_CSRINIT@r7265_FW@r7127/chain_0/demo_tb_tests/demo_tb/demo_cdn_swizzle_fbm1_iCSTraining/run_11/local_log.log,4264,4,16,0,0,1876,1,1,40,18,7,7,7,0,0,1,0,8,36,2,6,1,69,4,4.0,1.0,1,2,0,0,0,16,6,0,827,15,15,3,0,8,1,4,0,1,6,7,8,9,5,4,3,2,1,0,0,1,3,2,1,0,8,7,6,5,4,1,0.0,0,3,2,1,0,8,7,6,5,4,1,0.0,0,0,2,1,0,0,0,1.0,3.0,1.0,,,,,,
731,/server/regressdb/tss_lp54_WW37_LP4_CFG8_test_REGR__20220913_045412__andrei__CONFIG@r8699_VERIF@r8780_PHYTOP@r7165_SOFTIP@r7611_HARDIP@r7391_CSRINIT@r7265_FW@r7127/chain_0/demo_tb_tests/demo_tb/demo_cdn_swizzle_fbm1_iCSTraining/run_11/local_log.log,4264,4,16,0,0,1876,1,1,40,34,7,7,7,1,0,1,1,24,52,2,6,1,162,4,6.0,1.0,1,2,0,0,0,16,0,0,815,15,15,3,0,8,1,4,0,1,6,7,8,9,5,4,3,2,1,0,0,1,3,2,1,0,8,7,6,5,4,1,0.0,0,3,2,1,0,8,7,6,5,4,1,0.0,0,0,2,1,0,0,0,1.0,3.0,1.0,,,,,,
732,/server/regressdb/tss_lp54_WW37_LP4_CFG8_test_REGR__20220913_045412__andrei__CONFIG@r8699_VERIF@r8780_PHYTOP@r7165_SOFTIP@r7611_HARDIP@r7391_CSRINIT@r7265_FW@r7127/chain_0/demo_tb_tests/demo_tb/Phymstr_type2_swizzle_default/run_29/local_log.log,4264,4,16,0,0,1876,1,1,40,18,7,7,7,0,0,1,0,8,36,2,6,1,69,4,4.0,1.0,1,2,0,0,0,16,6,0,827,15,15,3,0,8,1,4,0,1,6,7,8,9,0,1,2,3,4,5,0,0,0,1,2,3,4,5,6,7,8,0,0.0,1,0,1,2,3,4,5,6,7,8,0,0.0,0,0,0,0,0,0,0,1.0,3.0,1.0,,,,,,
733,/server/regressdb/tss_lp54_WW37_LP4_CFG8_test_REGR__20220913_045412__andrei__CONFIG@r8699_VERIF@r8780_PHYTOP@r7165_SOFTIP@r7611_HARDIP@r7391_CSRINIT@r7265_FW@r7127/chain_0/demo_tb_tests/demo_tb/Phymstr_type2_swizzle_default/run_29/local_log.log,4264,4,16,0,0,1876,1,1,40,34,7,7,7,1,0,1,1,24,52,2,6,1,162,4,6.0,1.0,1,2,0,0,0,16,1,0,815,15,15,3,0,8,1,4,0,1,6,7,8,9,0,1,2,3,4,5,0,0,0,1,2,3,4,5,6,7,8,0,0.0,1,0,1,2,3,4,5,6,7,8,0,0.0,0,0,0,0,0,0,0,1.0,3.0,1.0,,,,,,
734,/server/regressdb/tss_lp54_WW37_LP4_CFG8_test_REGR__20220913_045412__andrei__CONFIG@r8699_VERIF@r8780_PHYTOP@r7165_SOFTIP@r7611_HARDIP@r7391_CSRINIT@r7265_FW@r7127/chain_0/demo_tb_tests/demo_tb/Internal_loopback_swizzle_fbm1/run_27/local_log.log,4254,4,16,0,0,1880,1,1,40,18,7,7,7,0,1,1,0,8,36,2,6,1,35,4,0.0,0.0,1,2,0,0,0,16,6,0,407,15,15,3,0,8,1,4,6,1,6,7,8,9,5,4,3,2,1,0,0,1,3,2,1,0,8,7,6,5,4,1,0.0,0,3,2,1,0,8,7,6,5,4,1,0.0,0,0,0,0,0,0,0,1.0,3.0,1.0,,,,,,
735,/server/regressdb/tss_lp54_WW37_LP4_CFG8_test_REGR__20220913_045412__andrei__CONFIG@r8699_VERIF@r8780_PHYTOP@r7165_SOFTIP@r7611_HARDIP@r7391_CSRINIT@r7265_FW@r7127/chain_0/demo_tb_tests/demo_tb/Internal_loopback_swizzle_fbm1/run_27/local_log.log,4254,4,16,0,0,1880,1,1,40,34,7,7,7,1,1,1,0,24,52,2,6,1,146,4,6.0,1.0,1,2,0,0,0,16,0,0,494,15,15,3,0,8,1,4,6,1,6,7,8,9,5,4,3,2,1,0,0,1,3,2,1,0,8,7,6,5,4,1,0.0,0,3,2,1,0,8,7,6,5,4,1,0.0,0,0,0,0,0,0,0,1.0,3.0,1.0,,,,,,
736,/server/regressdb/tss_lp54_WW37_LP4_CFG8_test_REGR__20220913_045412__andrei__CONFIG@r8699_VERIF@r8780_PHYTOP@r7165_SOFTIP@r7611_HARDIP@r7391_CSRINIT@r7265_FW@r7127/chain_0/demo_tb_tests/demo_tb/training_save_cdn_default_swizzle/run_16/local_log.log,4264,4,16,0,0,1876,1,1,36,34,7,7,7,1,0,0,0,24,52,2,6,1,60,6,,,1,1,0,0,0,16,0,0,895,15,15,3,0,8,1,4,0,1,6,7,8,9,0,1,2,3,4,5,0,0,0,1,2,3,4,5,6,7,8,0,,1,0,1,2,3,4,5,6,7,8,0,,0,0,1,0,0,0,0,,,,,,,0.0,0.0,1.0
737,/server/regressdb/tss_lp54_WW37_LP4_CFG8_test_REGR__20220913_045412__andrei__CONFIG@r8699_VERIF@r8780_PHYTOP@r7165_SOFTIP@r7611_HARDIP@r7391_CSRINIT@r7265_FW@r7127/chain_0/demo_tb_tests/demo_tb/ProductionTestMode_swizzle_default/run_33/local_log.log,4264,4,16,0,0,1876,1,1,40,18,7,7,7,0,1,1,0,8,36,2,6,1,35,4,0.0,0.0,1,2,0,0,0,16,6,0,407,15,15,3,0,8,1,4,0,1,6,7,8,9,0,1,2,3,4,5,0,0,0,1,2,3,4,5,6,7,8,0,0.0,1,0,1,2,3,4,5,6,7,8,0,0.0,0,0,0,0,0,0,0,1.0,3.0,1.0,,,,,,
738,/server/regressdb/tss_lp54_WW37_LP4_CFG8_test_REGR__20220913_045412__andrei__CONFIG@r8699_VERIF@r8780_PHYTOP@r7165_SOFTIP@r7611_HARDIP@r7391_CSRINIT@r7265_FW@r7127/chain_0/demo_tb_tests/demo_tb/ProductionTestMode_swizzle_default/run_33/local_log.log,4264,4,16,0,0,1876,1,1,40,34,7,7,7,1,1,1,0,24,52,2,6,1,146,4,6.0,1.0,1,2,0,0,0,16,0,0,494,15,15,3,0,8,1,4,0,1,6,7,8,9,0,1,2,3,4,5,0,0,0,1,2,3,4,5,6,7,8,0,0.0,1,0,1,2,3,4,5,6,7,8,0,0.0,0,0,0,0,0,0,0,1.0,3.0,1.0,,1.0,,,,
739,/server/regressdb/tss_lp54_WW37_LP4_CFG8_test_REGR__20220913_045412__andrei__CONFIG@r8699_VERIF@r8780_PHYTOP@r7165_SOFTIP@r7611_HARDIP@r7391_CSRINIT@r7265_FW@r7127/chain_0/demo_tb_tests/demo_tb/training_save_cdn_swizzle_fbm1/run_21/local_log.log,4264,4,16,0,0,1876,1,1,36,34,7,7,7,1,0,0,0,24,52,2,6,1,60,6,,,1,1,0,0,0,16,0,0,895,15,15,3,0,8,1,4,0,1,6,7,8,9,5,4,3,2,1,0,0,1,3,2,1,0,8,7,6,5,4,1,,0,3,2,1,0,8,7,6,5,4,1,,0,0,1,0,0,0,0,,,,,,,0.0,0.0,1.0
740,/server/regressdb/tss_lp54_WW37_LP4_CFG8_test_REGR__20220913_045412__andrei__CONFIG@r8699_VERIF@r8780_PHYTOP@r7165_SOFTIP@r7611_HARDIP@r7391_CSRINIT@r7265_FW@r7127/chain_0/demo_tb_tests/demo_tb/demo_cdn_default_swizzle_iCSTraining/run_6/local_log.log,4264,4,16,0,0,1876,1,1,40,18,7,7,7,0,0,1,0,8,36,2,6,1,69,4,4.0,1.0,1,2,0,0,0,16,6,0,827,15,15,3,0,8,1,4,0,1,6,7,8,9,0,1,2,3,4,5,0,0,0,1,2,3,4,5,6,7,8,0,0.0,1,0,1,2,3,4,5,6,7,8,0,0.0,0,0,2,1,0,0,0,1.0,3.0,1.0,,,,,,
741,/server/regressdb/tss_lp54_WW37_LP4_CFG8_test_REGR__20220913_045412__andrei__CONFIG@r8699_VERIF@r8780_PHYTOP@r7165_SOFTIP@r7611_HARDIP@r7391_CSRINIT@r7265_FW@r7127/chain_0/demo_tb_tests/demo_tb/demo_cdn_default_swizzle_iCSTraining/run_6/local_log.log,4264,4,16,0,0,1876,1,1,40,34,7,7,7,1,0,1,1,24,52,2,6,1,162,4,6.0,1.0,1,2,0,0,0,16,0,0,815,15,15,3,0,8,1,4,0,1,6,7,8,9,0,1,2,3,4,5,0,0,0,1,2,3,4,5,6,7,8,0,0.0,1,0,1,2,3,4,5,6,7,8,0,0.0,0,0,2,1,0,0,0,1.0,3.0,1.0,,,,,,
742,/server/regressdb/tss_lp54_WW37_LP4_CFG8_test_REGR__20220913_045412__andrei__CONFIG@r8699_VERIF@r8780_PHYTOP@r7165_SOFTIP@r7611_HARDIP@r7391_CSRINIT@r7265_FW@r7127/chain_0/demo_tb_tests/demo_tb/Phymstr_type2_swizzle_fbm1/run_31/local_log.log,4264,4,16,0,0,1876,1,1,40,18,7,7,7,0,0,1,0,8,36,2,6,1,69,4,4.0,1.0,1,2,0,0,0,16,6,0,827,15,15,3,0,8,1,4,0,1,6,7,8,9,5,4,3,2,1,0,0,1,3,2,1,0,8,7,6,5,4,1,0.0,0,3,2,1,0,8,7,6,5,4,1,0.0,0,0,0,0,0,0,0,1.0,3.0,1.0,,,,,,
743,/server/regressdb/tss_lp54_WW37_LP4_CFG8_test_REGR__20220913_045412__andrei__CONFIG@r8699_VERIF@r8780_PHYTOP@r7165_SOFTIP@r7611_HARDIP@r7391_CSRINIT@r7265_FW@r7127/chain_0/demo_tb_tests/demo_tb/Phymstr_type2_swizzle_fbm1/run_31/local_log.log,4264,4,16,0,0,1876,1,1,40,34,7,7,7,1,0,1,1,24,52,2,6,1,162,4,6.0,1.0,1,2,0,0,0,16,1,0,815,15,15,3,0,8,1,4,0,1,6,7,8,9,5,4,3,2,1,0,0,1,3,2,1,0,8,7,6,5,4,1,0.0,0,3,2,1,0,8,7,6,5,4,1,0.0,0,0,0,0,0,0,0,1.0,3.0,1.0,,,,,,
744,/server/regressdb/tss_lp54_WW37_LP4_CFG8_test_REGR__20220913_045412__andrei__CONFIG@r8699_VERIF@r8780_PHYTOP@r7165_SOFTIP@r7611_HARDIP@r7391_CSRINIT@r7265_FW@r7127/chain_0/demo_tb_tests/demo_tb/Internal_loopback_swizzle_default/run_25/local_log.log,4254,4,16,0,0,1880,1,1,40,18,7,7,7,0,1,1,0,8,36,2,6,1,35,4,0.0,0.0,1,2,0,0,0,16,6,0,407,15,15,3,0,8,1,4,6,1,6,7,8,9,0,1,2,3,4,5,0,0,0,1,2,3,4,5,6,7,8,0,0.0,1,0,1,2,3,4,5,6,7,8,0,0.0,0,0,0,0,0,0,0,1.0,3.0,1.0,,,,,,
745,/server/regressdb/tss_lp54_WW37_LP4_CFG8_test_REGR__20220913_045412__andrei__CONFIG@r8699_VERIF@r8780_PHYTOP@r7165_SOFTIP@r7611_HARDIP@r7391_CSRINIT@r7265_FW@r7127/chain_0/demo_tb_tests/demo_tb/Internal_loopback_swizzle_default/run_25/local_log.log,4254,4,16,0,0,1880,1,1,40,34,7,7,7,1,1,1,0,24,52,2,6,1,146,4,6.0,1.0,1,2,0,0,0,16,0,0,494,15,15,3,0,8,1,4,6,1,6,7,8,9,0,1,2,3,4,5,0,0,0,1,2,3,4,5,6,7,8,0,0.0,1,0,1,2,3,4,5,6,7,8,0,0.0,0,0,0,0,0,0,0,1.0,3.0,1.0,,,,,,
746,/server/regressdb/tss_lp54_WW37_LP4_CFG8_test_REGR__20220913_045412__andrei__CONFIG@r8699_VERIF@r8780_PHYTOP@r7165_SOFTIP@r7611_HARDIP@r7391_CSRINIT@r7265_FW@r7127/chain_0/dft_tests/dft/breakpoint_goto_test_xrun/run_24/local_log.log,2684,4,16,1,0,1490,1,1,32,14,5,5,5,0,1,1,0,6,30,2,6,1,255,4,4.0,0.0,1,2,0,0,0,16,6,0,465,15,15,3,0,8,1,4,0,1,6,7,8,9,0,1,2,3,4,5,0,0,0,1,2,3,4,5,6,7,8,0,0.0,1,0,1,2,3,4,5,6,7,8,0,0.0,0,0,1,0,0,0,0,1.0,3.0,1.0,,,,,,
747,/server/regressdb/tss_lp54_WW37_LP4_CFG8_test_REGR__20220913_045412__andrei__CONFIG@r8699_VERIF@r8780_PHYTOP@r7165_SOFTIP@r7611_HARDIP@r7391_CSRINIT@r7265_FW@r7127/chain_0/dft_tests/dft/breakpoint_goto_test_xrun/run_24/local_log.log,3968,4,16,0,0,2016,1,1,40,34,7,7,7,1,1,1,1,24,52,2,6,1,130,4,4.0,2.0,1,2,0,0,0,16,0,0,367,15,15,3,0,8,1,4,0,1,6,7,8,9,0,1,2,3,4,5,0,0,0,1,2,3,4,5,6,7,8,0,0.0,1,0,1,2,3,4,5,6,7,8,0,0.0,0,0,1,0,0,0,0,1.0,3.0,1.0,,,1.0,,,
748,/server/regressdb/tss_lp54_WW37_LP4_CFG8_test_REGR__20220913_045412__andrei__CONFIG@r8699_VERIF@r8780_PHYTOP@r7165_SOFTIP@r7611_HARDIP@r7391_CSRINIT@r7265_FW@r7127/chain_0/dft_tests/dft/breakpoint_repeat_test_xrun/run_26/local_log.log,1548,4,16,1,0,2582,1,1,16,12,2,2,2,1,1,1,1,6,25,2,6,1,180,6,6.0,2.0,1,2,0,0,0,16,6,0,336,15,15,3,0,8,1,4,0,1,6,7,8,9,0,1,2,3,4,5,0,0,0,1,2,3,4,5,6,7,8,0,0.0,1,0,1,2,3,4,5,6,7,8,0,0.0,0,0,0,0,0,0,0,1.0,3.0,1.0,,,,,,
749,/server/regressdb/tss_lp54_WW37_LP4_CFG8_test_REGR__20220913_045412__andrei__CONFIG@r8699_VERIF@r8780_PHYTOP@r7165_SOFTIP@r7611_HARDIP@r7391_CSRINIT@r7265_FW@r7127/chain_0/dft_tests/dft/breakpoint_repeat_test_xrun/run_26/local_log.log,562,4,16,1,0,7094,1,1,12,6,1,1,1,0,1,1,1,0,18,2,6,1,249,0,6.0,0.0,1,2,0,0,0,16,0,0,569,15,15,3,0,8,1,4,0,1,6,7,8,9,0,1,2,3,4,5,0,0,0,1,2,3,4,5,6,7,8,0,0.0,1,0,1,2,3,4,5,6,7,8,0,0.0,0,0,0,0,0,0,0,1.0,3.0,1.0,,,1.0,,,
750,/server/regressdb/tss_lp54_WW37_LP4_CFG8_test_REGR__20220913_045412__andrei__CONFIG@r8699_VERIF@r8780_PHYTOP@r7165_SOFTIP@r7611_HARDIP@r7391_CSRINIT@r7265_FW@r7127/chain_0/dft_tests/dft/cfg_dft_loopback/run_15/local_log.log,4254,4,16,0,0,1880,1,1,40,34,7,7,7,1,1,1,1,24,52,2,6,1,204,6,0.0,1.0,1,2,0,0,0,16,6,0,713,15,15,3,0,8,1,4,6,1,6,7,8,9,0,1,2,3,4,5,0,0,0,1,2,3,4,5,6,7,8,0,0.0,1,0,1,2,3,4,5,6,7,8,0,0.0,0,0,0,0,0,0,0,1.0,3.0,1.0,,,,,,
751,/server/regressdb/tss_lp54_WW37_LP4_CFG8_test_REGR__20220913_045412__andrei__CONFIG@r8699_VERIF@r8780_PHYTOP@r7165_SOFTIP@r7611_HARDIP@r7391_CSRINIT@r7265_FW@r7127/chain_0/dft_tests/dft/cfg_dft_loopback/run_15/local_log.log,4254,4,16,0,0,1880,1,1,40,18,7,7,7,0,1,1,1,8,36,2,6,1,240,4,0.0,0.0,1,2,0,0,0,16,0,0,966,15,15,3,0,8,1,4,6,1,6,7,8,9,0,1,2,3,4,5,0,0,0,1,2,3,4,5,6,7,8,0,0.0,1,0,1,2,3,4,5,6,7,8,0,0.0,0,0,0,0,0,0,0,1.0,3.0,1.0,,,,,,
752,/server/regressdb/tss_lp54_WW37_LP4_CFG8_test_REGR__20220913_045412__andrei__CONFIG@r8699_VERIF@r8780_PHYTOP@r7165_SOFTIP@r7611_HARDIP@r7391_CSRINIT@r7265_FW@r7127/chain_0/dft_tests/dft/cfg_production_test/run_20/local_log.log,4264,4,16,0,0,1876,1,1,40,18,7,7,7,0,1,1,0,8,36,2,6,1,87,6,4.0,0.0,1,2,0,0,0,16,6,0,691,15,15,3,0,8,1,4,0,1,6,7,8,9,0,1,2,3,4,5,0,0,0,1,2,3,4,5,6,7,8,0,0.0,1,0,1,2,3,4,5,6,7,8,0,0.0,0,0,0,0,0,0,0,1.0,3.0,1.0,,,,,,
753,/server/regressdb/tss_lp54_WW37_LP4_CFG8_test_REGR__20220913_045412__andrei__CONFIG@r8699_VERIF@r8780_PHYTOP@r7165_SOFTIP@r7611_HARDIP@r7391_CSRINIT@r7265_FW@r7127/chain_0/dft_tests/dft/cfg_production_test/run_20/local_log.log,4264,4,16,0,0,1876,1,1,40,18,7,7,7,0,1,1,0,8,36,2,6,1,171,4,0.0,0.0,1,2,0,0,0,16,0,0,900,15,15,3,0,8,1,4,0,1,6,7,8,9,0,1,2,3,4,5,0,0,0,1,2,3,4,5,6,7,8,0,0.0,1,0,1,2,3,4,5,6,7,8,0,0.0,0,0,0,0,0,0,0,1.0,3.0,1.0,,1.0,,,,
